Rank,Title,Artist,Year
1,End of the Road,Boyz II Men,1992
2,Baby Got Back,Sir Mix-a-Lot,1992
3,Jump,Kris Kross,1992
4,Save the Best for Last,Vanessa Williams,1992
5,Baby-Baby-Baby,TLC,1992
6,Tears in Heaven,Eric Clapton,1992
7,My Lovin' (You're Never Gonna Get It),En Vogue,1992
8,Under the Bridge,Red Hot Chili Peppers,1992
9,All 4 Love,Color Me Badd,1992
10,Just Another Day,Jon Secada,1992
11,I Love Your Smile,Shanice,1992
12,To Be with You,Mr. Big,1992
13,I'm Too Sexy,Right Said Fred,1992
14,Black or White,Michael Jackson,1992
15,Achy Breaky Heart,Billy Ray Cyrus,1992
16,I'll Be There,Mariah Carey,1992
17,November Rain,Guns N' Roses,1992
18,Life Is a Highway,Tom Cochrane,1992
19,Remember the Time,Michael Jackson,1992
20,Finally,CeCe Peniston,1992
21,This Used to Be My Playground,Madonna,1992
22,Sometimes Love Just Ain't Enough,Patty Smyth and Don Henley,1992
23,Can't Let Go,Mariah Carey,1992
24,Jump Around,House of Pain,1992
25,Diamonds and Pearls,Prince and The New Power Generation,1992
26,Don't Let the Sun Go Down on Me,George Michael and Elton John,1992
27,Masterpiece,Atlantic Starr,1992
28,If You Asked Me To,Celine Dion,1992
29,Giving Him Something He Can Feel,En Vogue,1992
30,Live and Learn,Joe Public,1992
31,Come and Talk to Me,Jodeci,1992
32,Smells Like Teen Spirit,Nirvana,1992
33,Humpin' Around,Bobby Brown,1992
34,Damn I Wish I Was Your Lover,Sophie B. Hawkins,1992
35,Tell Me What You Want Me to Do,Tevin Campbell,1992
36,Ain't 2 Proud 2 Beg,TLC,1992
37,It's So Hard to Say Goodbye to Yesterday,Boyz II Men,1992
38,Move This,Technotronic featuring Ya Kid K,1992
39,Bohemian Rhapsody,Queen,1992
40,Tennessee,Arrested Development,1992
41,The Best Things in Life Are Free,Luther Vandross and Janet Jackson,1992
42,Make It Happen,Mariah Carey,1992
43,The One,Elton John,1992
44,Set Adrift on Memory Bliss,P.M. Dawn,1992
45,Stay,Shakespears Sister,1992
46,2 Legit 2 Quit,Hammer,1992
47,Please Don't Go,KWS,1992
48,Breakin' My Heart (Pretty Brown Eyes),Mint Condition,1992
49,Wishing on a Star,The Cover Girls,1992
50,She's Playing Hard to Get,Hi-Five,1992
51,I'd Die Without You,P.M. Dawn,1992
52,Good for Me,Amy Grant,1992
53,All I Want,Toad the Wet Sprocket,1992
54,When a Man Loves a Woman,Michael Bolton,1992
55,I Can't Dance,Genesis,1992
56,Hazard,Richard Marx,1992
57,Mysterious Ways,U2,1992
58,Too Funky,George Michael,1992
59,How Do You Talk to an Angel,The Heights,1992
60,One,U2,1992
61,Keep on Walkin',CeCe Peniston,1992
62,Hold on My Heart,Genesis,1992
63,The Way I Feel About You,Karyn White,1992
64,Beauty and the Beast,Celine Dion and Peabo Bryson,1992
65,Warm It Up,Kris Kross,1992
66,In the Closet,Michael Jackson,1992
67,People Everyday,Arrested Development,1992
68,No Son of Mine,Genesis,1992
69,Wildside,Marky Mark and the Funky Bunch,1992
70,Do I Have to Say the Words?,Bryan Adams,1992
71,Friday I'm in Love,The Cure,1992
72,Everything About You,Ugly Kid Joe,1992
73,Blowing Kisses in the Wind,Paula Abdul,1992
74,Thought I'd Died and Gone to Heaven,Bryan Adams,1992
75,Rhythm Is a Dancer,Snap!,1992
76,Addams Groove,Hammer,1992
77,Missing You Now,Michael Bolton,1992
78,Back to the Hotel,N2Deep,1992
79,Everything Changes,Kathy Troccoli,1992
80,Have You Ever Needed Someone So Bad,Def Leppard,1992
81,Take This Heart,Richard Marx,1992
82,When I Look Into Your Eyes,FireHouse,1992
83,I Wanna Love You,Jade,1992
84,Uhh Ahh,Boyz II Men,1992
85,Real Love,Mary J. Blige,1992
86,Justified and Ancient,The KLF,1992
87,Slow Motion,Color Me Badd,1992
88,What About Your Friends,TLC,1992
89,Thinkin' Back,Color Me Badd,1992
90,Would I Lie to You?,Charles & Eddie,1992
91,That's What Love Is For,Amy Grant,1992
92,Keep Coming Back,Richard Marx,1992
93,Free Your Mind,En Vogue,1992
94,Keep It Comin',Keith Sweat,1992
95,Just Take My Heart,Mr. Big,1992
96,I Will Remember You,Amy Grant,1992
97,We Got a Love Thang,CeCe Peniston,1992
98,Let's Get Rocked,Def Leppard,1992
99,They Want EFX,Das EFX,1992
100,I Can't Make You Love Me,Bonnie Raitt,1992
1,I Will Always Love You,Whitney Houston,1993
2,Whoomp! (There It Is),Tag Team,1993
3,Can't Help Falling in Love,UB40,1993
4,That's the Way Love Goes,Janet Jackson,1993
5,Freak Me,Silk,1993
6,Weak,SWV,1993
7,If I Ever Fall in Love,Shai,1993
8,Dreamlover,Mariah Carey,1993
9,Rump Shaker,Wreckx-n-Effect,1993
10,Informer,Snow,1993
11,Nuthin' but a 'G' Thang,Dr. Dre,1993
12,In the Still of the Nite,Boyz II Men,1993
13,Don't Walk Away,Jade,1993
14,Knockin' da Boots,H-Town,1993
15,Lately,Jodeci,1993
16,Dazzey Duks,Duice,1993
17,Show Me Love,Robin S.,1993
18,A Whole New World,Peabo Bryson and Regina Belle,1993
19,If,Janet Jackson,1993
20,I'm So Into You,SWV,1993
21,Love Is,Vanessa Williams and Brian McKnight,1993
22,Runaway Train,Soul Asylum,1993
23,I'll Never Get Over You (Getting Over Me),Exposé,1993
24,Ditty,Paperboy,1993
25,Rhythm Is a Dancer,Snap!,1993
26,The River of Dreams,Billy Joel,1993
27,I'm Gonna Be (500 Miles),The Proclaimers,1993
28,Two Princes,Spin Doctors,1993
29,Right Here (Human Nature) / Downtown,SWV,1993
30,I Have Nothing,Whitney Houston,1993
31,Mr. Wendal,Arrested Development,1993
32,Have I Told You Lately,Rod Stewart,1993
33,Saving Forever for You,Shanice,1993
34,Ordinary World,Duran Duran,1993
35,If I Had No Loot,Tony! Toni! Toné!,1993
36,I'd Do Anything for Love (But I Won't Do That),Meat Loaf,1993
37,Slam,Onyx,1993
38,Looking Through Patient Eyes,P.M. Dawn,1993
39,I'm Every Woman,Whitney Houston,1993
40,Baby I'm Yours,Shai,1993
41,Come Undone,Duran Duran,1993
42,I Don't Wanna Fight,Tina Turner,1993
43,I'd Die Without You,P.M. Dawn,1993
44,"Whoot, There It Is",95 South,1993
45,Hip Hop Hooray,Naughty by Nature,1993
46,Another Sad Love Song,Toni Braxton,1993
47,Will You Be There,Michael Jackson,1993
48,Comforter,Shai,1993
49,Good Enough,Bobby Brown,1993
50,What's Up?,4 Non Blondes,1993
51,All That She Wants,Ace of Base,1993
52,7,Prince and The New Power Generation,1993
53,Dre Day,Dr. Dre,1993
54,One Last Cry,Brian McKnight,1993
55,Just Kickin' It,Xscape,1993
56,I Get Around,2Pac,1993
57,Bed of Roses,Bon Jovi,1993
58,Real Love,Mary J. Blige,1993
59,Here We Go Again!,Portrait,1993
60,Cryin',Aerosmith,1993
61,Cat's in the Cradle,Ugly Kid Joe,1993
62,What About Your Friends,TLC,1993
63,I Got a Man,Positive K,1993
64,Hey Mr. D.J.,Zhané,1993
65,Insane in the Brain,Cypress Hill,1993
66,Deeper and Deeper,Madonna,1993
67,Rain,Madonna,1993
68,The Right Kind of Love,Jeremy Jordan,1993
69,Bad Boys,Inner Circle,1993
70,That's What Love Can Do,Boy Krazy,1993
71,Do You Believe in Us,Jon Secada,1993
72,Angel,Jon Secada,1993
73,Forever in Love,Kenny G,1993
74,Again,Janet Jackson,1993
75,Boom! Shake the Room,DJ Jazzy Jeff & The Fresh Prince,1993
76,When She Cries,Restless Heart,1993
77,Sweat (A La La La La Long),Inner Circle,1993
78,It Was a Good Day,Ice Cube,1993
79,More and More,Captain Hollywood Project,1993
80,How Do You Talk to an Angel,The Heights,1993
81,Rebirth of Slick (Cool Like Dat),Digable Planets,1993
82,What Is Love,Haddaway,1993
83,To Love Somebody,Michael Bolton,1993
84,"Give It Up, Turn It Loose",En Vogue,1993
85,Alright,Kris Kross featuring Super Cat,1993
86,Check Yo Self,Ice Cube featuring Das EFX,1993
87,Fields of Gold,Sting,1993
88,Ooh Child,Dino,1993
89,Faithful,Go West,1993
90,Reason to Believe,Rod Stewart,1993
91,Break It Down Again,Tears for Fears,1993
92,Nothin' My Love Can't Fix,Joey Lawrence,1993
93,Three Little Pigs,Green Jellÿ,1993
94,Livin' on the Edge,Aerosmith,1993
95,Hey Jealousy,Gin Blossoms,1993
96,If I Ever Lose My Faith in You,Sting,1993
97,Anniversary,Tony! Toni! Toné!,1993
98,One Woman,Jade,1993
99,Can't Get Enough of Your Love,Taylor Dayne,1993
100,Two Steps Behind,Def Leppard,1993
1,The Sign,Ace of Base,1994
2,I Swear,All-4-One,1994
3,I'll Make Love to You,Boyz II Men,1994
4,The Power of Love,Céline Dion,1994
5,Hero,Mariah Carey,1994
6,Stay (I Missed You),Lisa Loeb and Nine Stories,1994
7,Breathe Again,Toni Braxton,1994
8,All for Love,"Bryan Adams, Rod Stewart and Sting",1994
9,All That She Wants,Ace of Base,1994
10,Don't Turn Around,Ace of Base,1994
11,Bump n' Grind,R. Kelly,1994
12,Again,Janet Jackson,1994
13,I'll Remember,Madonna,1994
14,Whatta Man,Salt-n-Pepa featuring En Vogue,1994
15,Wild Night,John Mellencamp with Meshell Ndegeocello,1994
16,Without You / Never Forget You,Mariah Carey,1994
17,You Mean the World to Me,Toni Braxton,1994
18,Can You Feel the Love Tonight,Elton John,1994
19,The Most Beautiful Girl in the World,Prince,1994
20,Fantastic Voyage,Coolio,1994
21,"Baby, I Love Your Way",Big Mountain,1994
22,Regulate,Warren G and Nate Dogg,1994
23,If You Go,Jon Secada,1994
24,Back & Forth,Aaliyah,1994
25,Now and Forever,Richard Marx,1994
26,When Can I See You,Babyface,1994
27,Please Forgive Me,Bryan Adams,1994
28,So Much in Love,All-4-One,1994
29,Shoop,Salt-n-Pepa,1994
30,"Any Time, Any Place / And On and On",Janet Jackson,1994
31,Shine,Collective Soul,1994
32,Said I Loved You...But I Lied,Michael Bolton,1994
33,Return to Innocence,Enigma,1994
34,All I Wanna Do,Sheryl Crow,1994
35,Mmm Mmm Mmm Mmm,Crash Test Dummies,1994
36,Can We Talk,Tevin Campbell,1994
37,Funkdafied,Da Brat,1994
38,I'd Do Anything for Love (But I Won't Do That),Meat Loaf,1994
39,Gangsta Lean,DRS,1994
40,Because the Night,"10,000 Maniacs",1994
41,Cantaloop (Flip Fantasia),Us3,1994
42,Whoomp! (There It Is),Tag Team,1994
43,Come to My Window,Melissa Etheridge,1994
44,Stroke You Up,Changing Faces,1994
45,I'm Ready,Tevin Campbell,1994
46,100% Pure Love,Crystal Waters,1994
47,Anytime You Need a Friend,Mariah Carey,1994
48,Because of Love,Janet Jackson,1994
49,Linger,The Cranberries,1994
50,Loser,Beck,1994
51,Found Out About You,Gin Blossoms,1994
52,Gin and Juice,Snoop Doggy Dogg,1994
53,Never Lie,Immature,1994
54,Streets of Philadelphia,Bruce Springsteen,1994
55,Getto Jam,Domino,1994
56,Endless Love,Luther Vandross and Mariah Carey,1994
57,I Miss You,Aaron Hall,1994
58,Understanding,Xscape,1994
59,This D.J.,Warren G,1994
60,Cry for You,Jodeci,1994
61,Keep Ya Head Up,2Pac,1994
62,What's My Name?,Snoop Doggy Dogg,1994
63,Another Night,Real McCoy,1994
64,Your Body's Callin',R. Kelly,1994
65,Tootsee Roll,69 Boyz,1994
66,I Can See Clearly Now,Jimmy Cliff,1994
67,Never Keeping Secrets,Babyface,1994
68,Crazy,Aerosmith,1994
69,Just Kickin' It,Xscape,1994
70,(At Your Best) You Are Love,Aaliyah,1994
71,Rock and Roll Dreams Come Through,Meat Loaf,1994
72,Amazing,Aerosmith,1994
73,Always,Erasure,1994
74,Groove Thang,Zhané,1994
75,Dreams,Gabrielle,1994
76,Mr. Vain,Culture Beat,1994
77,Mary Jane's Last Dance,Tom Petty and the Heartbreakers,1994
78,Anything,SWV,1994
79,Beautiful in My Eyes,Joshua Kadison,1994
80,Stay,Eternal,1994
81,Flava in Ya Ear,Craig Mack,1994
82,U.N.I.T.Y.,Queen Latifah,1994
83,Prayer for the Dying,Seal,1994
84,Secret,Madonna,1994
85,Here Comes the Hotstepper,Ini Kamoze,1994
86,Everyday,Phil Collins,1994
87,Don't Take the Girl,Tim McGraw,1994
88,Got Me Waiting,Heavy D & the Boyz,1994
89,"December, 1963 (Oh, What a Night)",The Four Seasons,1994
90,Indian Outlaw,Tim McGraw,1994
91,Always,Bon Jovi,1994
92,I'm the Only One,Melissa Etheridge,1994
93,Back in the Day,Ahmad,1994
94,Love Sneakin' Up On You,Bonnie Raitt,1994
95,I'll Take You There,General Public,1994
96,Always in My Heart,Tevin Campbell,1994
97,What Is Love,Haddaway,1994
98,And Our Feelings,Babyface,1994
99,Bop Gun (One Nation),Ice Cube featuring George Clinton,1994
100,I Wanna Be Down,Brandy,1994
1,Gangsta's Paradise,Coolio featuring L.V.,1995
2,Waterfalls,TLC,1995
3,Creep,TLC,1995
4,Kiss from a Rose,Seal,1995
5,On Bended Knee,Boyz II Men,1995
6,Another Night,Real McCoy,1995
7,Fantasy,Mariah Carey,1995
8,Take a Bow,Madonna,1995
9,Don't Take It Personal (Just One of Dem Days),Monica,1995
10,This Is How We Do It,Montell Jordan,1995
11,I Know,Dionne Farris,1995
12,Water Runs Dry,Boyz II Men,1995
13,Freak Like Me,Adina Howard,1995
14,Run-Around,Blues Traveler,1995
15,I Can Love You Like That,All-4-One,1995
16,Have You Ever Really Loved a Woman?,Bryan Adams,1995
17,Always,Bon Jovi,1995
18,Boombastic / In the Summertime,Shaggy,1995
19,Total Eclipse of the Heart,Nicki French,1995
20,You Gotta Be,Des'ree,1995
21,You Are Not Alone,Michael Jackson,1995
22,Hold My Hand,Hootie & the Blowfish,1995
23,One More Chance/Stay with Me,The Notorious B.I.G.,1995
24,Here Comes the Hotstepper,Ini Kamoze,1995
25,Candy Rain,Soul for Real,1995
26,Let Her Cry,Hootie & the Blowfish,1995
27,I Believe,Blessid Union of Souls,1995
28,Red Light Special,TLC,1995
29,Runaway,Janet Jackson,1995
30,Strong Enough,Sheryl Crow,1995
31,Colors of the Wind,Vanessa Williams,1995
32,Someone to Love,Jon B. featuring Babyface,1995
33,Only Wanna Be with You,Hootie & the Blowfish,1995
34,If You Love Me,Brownstone,1995
35,In the House of Stone and Light,Martin Page,1995
36,I Got 5 on It,Luniz,1995
37,Baby,Brandy,1995
38,Run Away,Real McCoy,1995
39,As I Lay Me Down,Sophie B. Hawkins,1995
40,He's Mine,MoKenStef,1995
41,December,Collective Soul,1995
42,I'll Be There for You/You're All I Need to Get By,Method Man featuring Mary J. Blige,1995
43,Shy Guy,Diana King,1995
44,I'm the Only One,Melissa Etheridge,1995
45,Every Little Thing I Do,Soul for Real,1995
46,Before I Let You Go,Blackstreet,1995
47,Big Poppa / Warning,The Notorious B.I.G.,1995
48,Sukiyaki,4 P.M.,1995
49,I Wanna Be Down,Brandy,1995
50,I'll Make Love to You,Boyz II Men,1995
51,Dear Mama / Old School,2Pac,1995
52,Hold On,Jamie Walters,1995
53,Keep Their Heads Ringin',Dr. Dre,1995
54,The Rhythm of the Night,Corona,1995
55,Roll to Me,Del Amitri,1995
56,Scream / Childhood,Michael Jackson and Janet Jackson,1995
57,Freek'n You,Jodeci,1995
58,I Wish,Skee-Lo,1995
59,Believe,Elton John,1995
60,Carnival,Natalie Merchant,1995
61,You Don't Know How It Feels,Tom Petty,1995
62,Back for Good,Take That,1995
63,Tootsee Roll,69 Boyz,1995
64,You Want This / 70's Love Groove,Janet Jackson,1995
65,Tell Me,Groove Theory,1995
66,Can't You See,Total featuring The Notorious B.I.G.,1995
67,All I Wanna Do,Sheryl Crow,1995
68,This Lil' Game We Play,Subway featuring 702,1995
69,Come and Get Your Love,Real McCoy,1995
70,This Ain't a Love Song,Bon Jovi,1995
71,Secret,Madonna,1995
72,Player's Anthem,Junior M.A.F.I.A. featuring The Notorious B.I.G.,1995
73,Feel Me Flow,Naughty by Nature,1995
74,Every Day of the Week,Jade,1995
75,The Sweetest Days,Vanessa Williams,1995
76,Short Dick Man,20 Fingers featuring Gillette,1995
77,Brokenhearted,Brandy,1995
78,No More I Love You's,Annie Lennox,1995
79,You Used to Love Me,Faith Evans,1995
80,Constantly,Immature,1995
81,"Hold Me, Thrill Me, Kiss Me, Kill Me",U2,1995
82,100% Pure Love,Crystal Waters,1995
83,Ask of You,Raphael Saadiq,1995
84,Sugar Hill,AZ,1995
85,Good,Better Than Ezra,1995
86,Brown Sugar,D'Angelo,1995
87,Turn the Beat Around,Gloria Estefan,1995
88,Til You Do Me Right,After 7,1995
89,1st of tha Month,Bone Thugs-n-Harmony,1995
90,Like the Way I Do / If I Wanted To,Melissa Etheridge,1995
91,I Live My Life for You,FireHouse,1995
92,Dream About You / Funky Melody,Stevie B,1995
93,Cotton Eye Joe,Rednex,1995
94,Thank You,Boyz II Men,1995
95,I'll Stand by You,The Pretenders,1995
96,I Miss You,N II U,1995
97,Give It 2 You,Da Brat,1995
98,Best Friend,Brandy,1995
99,Misery,Soul Asylum,1995
100,Can't Stop Lovin' You,Van Halen,1995
1,Macarena (Bayside Boys Mix),Los del Río,1996
2,One Sweet Day,Mariah Carey and Boyz II Men,1996
3,Because You Loved Me,Céline Dion,1996
4,Nobody Knows,The Tony Rich Project,1996
5,Always Be My Baby,Mariah Carey,1996
6,Give Me One Reason,Tracy Chapman,1996
7,Tha Crossroads,Bone Thugs-n-Harmony,1996
8,I Love You Always Forever,Donna Lewis,1996
9,You're Makin' Me High / Let It Flow,Toni Braxton,1996
10,Twisted,Keith Sweat,1996
11,C'mon N' Ride It (The Train),Quad City DJ's,1996
12,Missing,Everything but the Girl,1996
13,Ironic,Alanis Morissette,1996
14,Exhale (Shoop Shoop),Whitney Houston,1996
15,Follow You Down / Til I Hear It from You,Gin Blossoms,1996
16,Sittin' Up in My Room,Brandy,1996
17,How Do U Want It / California Love,2Pac featuring K-Ci and JoJo / featuring Dr. Dre and Roger Troutman,1996
18,It's All Coming Back to Me Now,Céline Dion,1996
19,Change the World,Eric Clapton,1996
20,Hey Lover,LL Cool J,1996
21,Loungin,LL Cool J,1996
22,Insensitive,Jann Arden,1996
23,Be My Lover,La Bouche,1996
24,Name,Goo Goo Dolls,1996
25,Who Will Save Your Soul,Jewel,1996
26,Where Do You Go,No Mercy,1996
27,I Can't Sleep Baby (If I),R. Kelly,1996
28,Counting Blue Cars,Dishwalla,1996
29,You Learn / You Oughta Know,Alanis Morissette,1996
30,One of Us,Joan Osborne,1996
31,Wonder,Natalie Merchant,1996
32,Not Gon' Cry,Mary J. Blige,1996
33,Gangsta's Paradise,Coolio featuring L.V.,1996
34,Only You,112 featuring The Notorious B.I.G.,1996
35,Down Low (Nobody Has to Know),R. Kelly featuring Ronald Isley,1996
36,You're the One,SWV,1996
37,Sweet Dreams,La Bouche,1996
38,Before You Walk Out of My Life / Like This and Like That,Monica,1996
39,Breakfast at Tiffany's,Deep Blue Something,1996
40,"1, 2, 3, 4 (Sumpin' New)",Coolio,1996
41,The World I Know,Collective Soul,1996
42,No Diggity,Blackstreet featuring Dr. Dre,1996
43,Anything,3T,1996
44,1979,The Smashing Pumpkins,1996
45,Diggin' on You,TLC,1996
46,Why I Love You So Much / Ain't Nobody,Monica,1996
47,Kissin' You,Total,1996
48,Count on Me,Whitney Houston and CeCe Winans,1996
49,Fantasy,Mariah Carey,1996
50,Time,Hootie & the Blowfish,1996
51,You'll See,Madonna,1996
52,Last Night,Az Yet,1996
53,Mouth,Merril Bainbridge,1996
54,"The Earth, the Sun, the Rain",Color Me Badd,1996
55,All the Things (Your Man Won't Do),Joe,1996
56,Wonderwall,Oasis,1996
57,Woo Hah!! Got You All in Check / Everything Remains Raw,Busta Rhymes,1996
58,Tell Me,Groove Theory,1996
59,Elevators (Me & You),Outkast,1996
60,Hook,Blues Traveler,1996
61,Doin' It,LL Cool J,1996
62,Fastlove,George Michael,1996
63,"Touch Me, Tease Me",Case featuring Foxy Brown,1996
64,Tonite's tha Night,Kris Kross,1996
65,Children,Robert Miles,1996
66,Theme from Mission: Impossible,Adam Clayton and Larry Mullen,1996
67,Closer to Free,BoDeans,1996
68,Just a Girl,No Doubt,1996
69,If Your Girl Only Knew,Aaliyah,1996
70,Lady,D'Angelo,1996
71,Key West Intermezzo (I Saw You First),John Mellencamp,1996
72,Pony,Ginuwine,1996
73,Nobody,Keith Sweat featuring Athena Cage,1996
74,Old Man & Me (When I Get to Heaven),Hootie & the Blowfish,1996
75,If It Makes You Happy,Sheryl Crow,1996
76,As I Lay Me Down,Sophie B. Hawkins,1996
77,"Keep On, Keepin' On",MC Lyte featuring Xscape,1996
78,Jealousy,Natalie Merchant,1996
79,I Want to Come Over,Melissa Etheridge,1996
80,Who Do U Love,Deborah Cox,1996
81,Un-Break My Heart,Toni Braxton,1996
82,This Is Your Night,Amber,1996
83,You Remind Me of Something,R. Kelly,1996
84,Runaway,Janet Jackson,1996
85,Set U Free,Planet Soul,1996
86,Hit Me Off,New Edition,1996
87,No One Else,Total,1996
88,My Boo,Ghost Town DJ's,1996
89,Get Money,Junior M.A.F.I.A. featuring The Notorious B.I.G.,1996
90,That Girl,Maxi Priest featuring Shaggy,1996
91,Po Pimp,Do or Die featuring Twista,1996
92,Until It Sleeps,Metallica,1996
93,Hay,Crucial Conflict,1996
94,Beautiful Life,Ace of Base,1996
95,Back for Good,Take That,1996
96,I Got Id / Long Road,Pearl Jam,1996
97,Soon as I Get Home,Faith Evans,1996
98,Macarena,Los del Río,1996
99,Only Wanna Be with You,Hootie & the Blowfish,1996
100,Don't Cry,Seal,1996
1,Candle in the Wind 1997 / Something About the Way You Look Tonight,Elton John,1997
2,You Were Meant for Me / Foolish Games,Jewel,1997
3,I'll Be Missing You,Puff Daddy and Faith Evans featuring 112,1997
4,Un-Break My Heart,Toni Braxton,1997
5,Can't Nobody Hold Me Down,Puff Daddy featuring Mase,1997
6,I Believe I Can Fly,R. Kelly,1997
7,Don't Let Go (Love),En Vogue,1997
8,Return of the Mack,Mark Morrison,1997
9,How Do I Live,LeAnn Rimes,1997
10,Wannabe,Spice Girls,1997
11,Quit Playing Games (With My Heart),Backstreet Boys,1997
12,MMMBop,Hanson,1997
13,For You I Will,Monica,1997
14,You Make Me Wanna...,Usher,1997
15,Bitch,Meredith Brooks,1997
16,Nobody,Keith Sweat featuring Athena Cage,1997
17,Semi-Charmed Life,Third Eye Blind,1997
18,Barely Breathing,Duncan Sheik,1997
19,Hard to Say I'm Sorry,Az Yet featuring Peter Cetera,1997
20,Mo Money Mo Problems,The Notorious B.I.G. featuring Puff Daddy and Mase,1997
21,The Freshmen,The Verve Pipe,1997
22,I Want You,Savage Garden,1997
23,No Diggity,Blackstreet featuring Dr. Dre,1997
24,I Belong to You (Every Time I See Your Face),Rome,1997
25,Hypnotize,The Notorious B.I.G.,1997
26,Every Time I Close My Eyes,Babyface,1997
27,In My Bed,Dru Hill,1997
28,Say You'll Be There,Spice Girls,1997
29,Do You Know (What It Takes),Robyn,1997
30,4 Seasons of Loneliness,Boyz II Men,1997
31,G.H.E.T.T.O.U.T.,Changing Faces,1997
32,Honey,Mariah Carey,1997
33,I Believe in You and Me,Whitney Houston,1997
34,Da' Dip,Freak Nasty,1997
35,2 Become 1,Spice Girls,1997
36,All for You,Sister Hazel,1997
37,Cupid,112,1997
38,Where Have All the Cowboys Gone?,Paula Cole,1997
39,Sunny Came Home,Shawn Colvin,1997
40,It's Your Love,Tim McGraw with Faith Hill,1997
41,Ooh Aah... Just a Little Bit,Gina G,1997
42,Mouth,Merril Bainbridge,1997
43,All Cried Out,Allure featuring 112,1997
44,I'm Still in Love with You,New Edition,1997
45,Invisible Man,98 Degrees,1997
46,Not Tonight,"Lil' Kim featuring Da Brat, Left Eye, Missy Elliott and Angie Martinez",1997
47,Look into My Eyes,Bone Thugs-n-Harmony,1997
48,Get It Together,702,1997
49,All by Myself,Céline Dion,1997
50,It's All Coming Back to Me Now,Céline Dion,1997
51,My Love Is the Shhh!,Somethin' for the People featuring Trina & Tamara,1997
52,Where Do You Go,No Mercy,1997
53,I Finally Found Someone,Barbra Streisand and Bryan Adams,1997
54,I'll Be,Foxy Brown featuring Jay-Z,1997
55,If It Makes You Happy,Sheryl Crow,1997
56,Never Make a Promise,Dru Hill,1997
57,When You Love a Woman,Journey,1997
58,Up Jumps da Boogie,Magoo and Timbaland,1997
59,I Don't Want To / I Love Me Some Him,Toni Braxton,1997
60,Everyday Is a Winding Road,Sheryl Crow,1997
61,Cold Rock a Party,MC Lyte,1997
62,Pony,Ginuwine,1997
63,Building a Mystery,Sarah McLachlan,1997
64,I Love You Always Forever,Donna Lewis,1997
65,Your Woman,White Town,1997
66,C U When U Get There,Coolio featuring 40 Thevz,1997
67,Change the World,Eric Clapton,1997
68,My Baby Daddy,B-Rock and the Bizz,1997
69,Tubthumping,Chumbawamba,1997
70,Gotham City,R. Kelly,1997
71,Last Night,Az Yet,1997
72,ESPN Presents The Jock Jam,Various Artists,1997
73,Big Daddy,Heavy D,1997
74,What About Us,Total,1997
75,Smile,Scarface featuring 2Pac and Johnny P.,1997
76,What's on Tonight,Montell Jordan,1997
77,Secret Garden,Bruce Springsteen,1997
78,The One I Gave My Heart To,Aaliyah,1997
79,Fly Like an Eagle,Seal,1997
80,No Time,Lil' Kim featuring Puff Daddy,1997
81,Naked Eye,Luscious Jackson,1997
82,Macarena (Bayside Boys Mix),Los del Río,1997
83,On & On,Erykah Badu,1997
84,Don't Wanna Be a Player,Joe,1997
85,I Shot the Sheriff,Warren G,1997
86,You Should Be Mine (Don't Waste Your Time),Brian McKnight featuring Mase,1997
87,Don't Cry for Me Argentina,Madonna,1997
88,Someone,SWV featuring Puff Daddy,1997
89,Go the Distance,Michael Bolton,1997
90,One More Time,Real McCoy,1997
91,Butta Love,Next,1997
92,Coco Jamboo,Mr. President,1997
93,Twisted,Keith Sweat,1997
94,Barbie Girl,Aqua,1997
95,When You're Gone / Free to Decide,The Cranberries,1997
96,Let Me Clear My Throat,DJ Kool,1997
97,I Like It,The Blackout All-Stars,1997
98,You're Makin' Me High / Let It Flow,Toni Braxton,1997
99,You Must Love Me,Madonna,1997
100,Let It Go,Ray J,1997
1,Too Close,Next,1998
2,The Boy Is Mine,Brandy and Monica,1998
3,You're Still the One,Shania Twain,1998
4,Truly Madly Deeply,Savage Garden,1998
5,How Do I Live,LeAnn Rimes,1998
6,Together Again,Janet,1998
7,All My Life,K-Ci & JoJo,1998
8,Candle in the Wind 1997 / Something About the Way You Look Tonight,Elton John,1998
9,Nice & Slow,Usher,1998
10,I Don't Want to Wait,Paula Cole,1998
11,How's It Going to Be,Third Eye Blind,1998
12,"No, No, No",Destiny's Child,1998
13,My Heart Will Go On,Céline Dion,1998
14,Gettin' Jiggy wit It,Will Smith,1998
15,You Make Me Wanna...,Usher,1998
16,My Way,Usher,1998
17,My All,Mariah Carey,1998
18,The First Night,Monica,1998
19,Been Around the World,Puff Daddy & the Family featuring The Notorious B.I.G. and Mase,1998
20,Adia,Sarah McLachlan,1998
21,Crush,Jennifer Paige,1998
22,Everybody (Backstreet's Back),Backstreet Boys,1998
23,I Don't Want to Miss a Thing,Aerosmith,1998
24,Body Bumpin' (Yippie-Yi-Yo),Public Announcement,1998
25,This Kiss,Faith Hill,1998
26,I Don't Ever Want to See You Again,Uncle Sam,1998
27,Let's Ride,Montell Jordan featuring Master P and Silkk the Shocker,1998
28,Sex and Candy,Marcy Playground,1998
29,Show Me Love,Robyn,1998
30,A Song for Mama,Boyz II Men,1998
31,What You Want,Mase featuring Total,1998
32,Frozen,Madonna,1998
33,Gone till November,Wyclef Jean,1998
34,My Body,LSG,1998
35,Tubthumping,Chumbawamba,1998
36,Deja Vu (Uptown Baby),Lord Tariq and Peter Gunz,1998
37,I Want You Back,N Sync,1998
38,When the Lights Go Out,Five,1998
39,They Don't Know,Jon B.,1998
40,Make 'Em Say Uhh!,"Master P featuring Fiend, Silkk the Shocker, Mia X and Mystikal",1998
41,Make It Hot,Nicole featuring Missy Elliott and Mocha,1998
42,Never Ever,All Saints,1998
43,I Get Lonely,Janet featuring Blackstreet,1998
44,Feel So Good,Mase,1998
45,Say It,Voices of Theory,1998
46,Kiss the Rain,Billie Myers,1998
47,Come with Me,Puff Daddy featuring Jimmy Page,1998
48,Romeo and Juliet,Sylk-E. Fyne featuring Chill,1998
49,It's All About Me,Mýa and Sisqo,1998
50,I Will Come to You,Hanson,1998
51,One Week,Barenaked Ladies,1998
52,Swing My Way,K. P. & Envyi,1998
53,The Arms of the One Who Loves You,Xscape,1998
54,My Love Is the Shhh!,Somethin' for the People featuring Trina & Tamara,1998
55,Daydreamin',Tatyana Ali,1998
56,We're Not Making Love No More,Dru Hill,1998
57,Semi-Charmed Life,Third Eye Blind,1998
58,I Do,Lisa Loeb,1998
59,Lookin' at Me,Mase featuring Puff Daddy,1998
60,Looking Through Your Eyes,LeAnn Rimes,1998
61,Lately,Divine,1998
62,Quit Playing Games (With My Heart),Backstreet Boys,1998
63,I Still Love You,Next,1998
64,Time After Time,INOJ,1998
65,Are You Jimmy Ray?,Jimmy Ray,1998
66,Cruel Summer,Ace of Base,1998
67,I Got the Hook Up,Master P featuring Sons of Funk,1998
68,Victory,Puff Daddy & the Family featuring The Notorious B.I.G. and Busta Rhymes,1998
69,Too Much,Spice Girls,1998
70,Ghetto Supastar (That Is What You Are),Pras Michel featuring Ol' Dirty Bastard and Mýa,1998
71,How Deep Is Your Love,Dru Hill featuring Redman,1998
72,Friend of Mine,Kelly Price,1998
73,Turn It Up (Remix)/Fire It Up,Busta Rhymes,1998
74,I'll Be,Edwin McCain,1998
75,Ray of Light,Madonna,1998
76,All for You,Sister Hazel,1998
77,Touch It,Monifah,1998
78,"Money, Power & Respect",The Lox featuring DMX and Lil' Kim,1998
79,Bitter Sweet Symphony,The Verve,1998
80,Dangerous,Busta Rhymes,1998
81,Spice Up Your Life,Spice Girls,1998
82,Because of You,98 Degrees,1998
83,The Mummers' Dance,Loreena McKennitt,1998
84,All Cried Out,Allure featuring 112,1998
85,Still Not a Player,Big Punisher featuring Joe,1998
86,The One I Gave My Heart To,Aaliyah,1998
87,Foolish Games / You Were Meant for Me,Jewel,1998
88,Love You Down,INOJ,1998
89,Do for Love,2Pac featuring Eric Williams,1998
90,Raise the Roof,Luke featuring No Good But So Good,1998
91,Heaven,Nu Flavor,1998
92,The Party Continues,JD featuring Da Brat,1998
93,Sock It 2 Me,Missy Elliott featuring Da Brat,1998
94,Butta Love,Next,1998
95,A Rose Is Still a Rose,Aretha Franklin,1998
96,4 Seasons of Loneliness,Boyz II Men,1998
97,Father,LL Cool J,1998
98,Thinkin' Bout It,Gerald Levert,1998
99,Nobody's Supposed to Be Here,Deborah Cox,1998
100,Westside,TQ,1998
1,Believe,Cher,1999
2,No Scrubs,TLC,1999
3,Angel of Mine,Monica,1999
4,Heartbreak Hotel,Whitney Houston featuring Faith Evans and Kelly Price,1999
5,...Baby One More Time,Britney Spears,1999
6,Kiss Me,Sixpence None the Richer,1999
7,Genie in a Bottle,Christina Aguilera,1999
8,Every Morning,Sugar Ray,1999
9,Nobody's Supposed to Be Here,Deborah Cox,1999
10,Livin' la Vida Loca,Ricky Martin,1999
11,Where My Girls At?,702,1999
12,If You Had My Love,Jennifer Lopez,1999
13,Slide,Goo Goo Dolls,1999
14,Have You Ever?,Brandy,1999
15,I Want It That Way,Backstreet Boys,1999
16,I'm Your Angel,R. Kelly and Celine Dion,1999
17,All Star,Smash Mouth,1999
18,Angel,Sarah McLachlan,1999
19,Smooth,Santana featuring Rob Thomas,1999
20,Unpretty,TLC,1999
21,"Bills, Bills, Bills",Destiny's Child,1999
22,Save Tonight,Eagle-Eye Cherry,1999
23,Last Kiss,Pearl Jam,1999
24,Fortunate,Maxwell,1999
25,All I Have to Give,Backstreet Boys,1999
26,Bailamos,Enrique Iglesias,1999
27,What's It Gonna Be?!,Busta Rhymes featuring Janet,1999
28,What It's Like,Everlast,1999
29,Fly Away,Lenny Kravitz,1999
30,Someday,Sugar Ray,1999
31,Lately,Divine,1999
32,That Don't Impress Me Much,Shania Twain,1999
33,Wild Wild West,Will Smith featuring Dru Hill and Kool Moe Dee,1999
34,Scar Tissue,Red Hot Chili Peppers,1999
35,Heartbreaker,Mariah Carey featuring Jay-Z,1999
36,I Still Believe,Mariah Carey,1999
37,The Hardest Thing,98 Degrees,1999
38,Summer Girls,LFO,1999
39,Can I Get A...,Jay-Z featuring Amil and Ja Rule,1999
40,Jumper,Third Eye Blind,1999
41,Doo Wop (That Thing),Lauryn Hill,1999
42,Mambo No. 5,Lou Bega,1999
43,Sweet Lady,Tyrese,1999
44,It's Not Right but It's Okay,Whitney Houston,1999
45,(God Must Have Spent) A Little More Time on You,N Sync,1999
46,Lullaby,Shawn Mullins,1999
47,Anywhere,112 featuring Lil Zane,1999
48,Tell Me It's Real,K-Ci & JoJo,1999
49,Back 2 Good,Matchbox 20,1999
50,808,Blaque,1999
51,She's So High,Tal Bachman,1999
52,She's All I Ever Had,Ricky Martin,1999
53,Miami,Will Smith,1999
54,Hands,Jewel,1999
55,Who Dat,JT Money featuring Solé,1999
56,Please Remember Me,Tim McGraw,1999
57,From This Moment On,Shania Twain,1999
58,Love Like This,Faith Evans,1999
59,You,Jesse Powell,1999
60,Trippin',Total featuring Missy Elliott,1999
61,If You,Silk,1999
62,Ex-Factor,Lauryn Hill,1999
63,Give It to You,Jordan Knight,1999
64,Black Balloon,Goo Goo Dolls,1999
65,Spend My Life with You,Eric Benét featuring Tamia,1999
66,These Are the Times,Dru Hill,1999
67,I Don't Want to Miss a Thing,Mark Chesnutt,1999
68,I Do (Cherish You),98 Degrees,1999
69,Because of You,98 Degrees,1999
70,I Will Remember You,Sarah McLachlan,1999
71,Chanté's Got a Man,Chanté Moore,1999
72,Happily Ever After,Case,1999
73,My Love Is Your Love,Whitney Houston,1999
74,All Night Long,Faith Evans featuring Puff Daddy,1999
75,Back That Azz Up,Juvenile featuring Mannie Fresh and Lil Wayne,1999
76,Almost Doesn't Count,Brandy,1999
77,Man! I Feel Like a Woman!,Shania Twain,1999
78,Steal My Sunshine,Len,1999
79,I Need to Know,Marc Anthony,1999
80,So Anxious,Ginuwine,1999
81,Faded Pictures,Case featuring Joe,1999
82,Back at One,Brian McKnight,1999
83,When a Woman's Fed Up,R. Kelly,1999
84,How Forever Feels,Kenny Chesney,1999
85,Amazed,Lonestar,1999
86,Sometimes,Britney Spears,1999
87,Ghetto Cowboy,Mo Thugs,1999
88,Out of My Head,Fastball,1999
89,Hard Knock Life (Ghetto Anthem),Jay-Z,1999
90,Jamboree,Naughty by Nature featuring Zhané,1999
91,Take Me There,"Blackstreet featuring Mýa, Mase and Blinky Blink",1999
92,Stay the Same,Joey McIntyre,1999
93,A Lesson in Leavin',Jo Dee Messina,1999
94,Iris,Goo Goo Dolls,1999
95,Satisfy You,Puff Daddy featuring R. Kelly,1999
96,Better Days (And the Bottom Drops Out),Citizen King,1999
97,Music of My Heart,N Sync and Gloria Estefan,1999
98,Write This Down,George Strait,1999
99,When You Believe,Whitney Houston and Mariah Carey,1999
100,(God Must Have Spent) A Little More Time on You,Alabama and 'N Sync,1999
1,Breathe,Faith Hill,2000
2,Smooth,Santana featuring Rob Thomas,2000
3,Maria Maria,Santana featuring The Product G&B,2000
4,I Wanna Know,Joe,2000
5,Everything You Want,Vertical Horizon,2000
6,Say My Name,Destiny's Child,2000
7,I Knew I Loved You,Savage Garden,2000
8,Amazed,Lonestar,2000
9,Bent,Matchbox Twenty,2000
10,He Wasn't Man Enough,Toni Braxton,2000
11,Higher,Creed,2000
12,Try Again,Aaliyah,2000
13,"Jumpin', Jumpin'",Destiny's Child,2000
14,Thong Song,Sisqó,2000
15,Kryptonite,3 Doors Down,2000
16,There You Go,Pink,2000
17,Music,Madonna,2000
18,Doesn't Really Matter,Janet,2000
19,What a Girl Wants,Christina Aguilera,2000
20,Back at One,Brian McKnight,2000
21,Bye Bye Bye,N Sync,2000
22,You Sang to Me,Marc Anthony,2000
23,I Need to Know,Marc Anthony,2000
24,Get It On Tonite,Montell Jordan,2000
25,Incomplete,Sisqó,2000
26,I Try,Macy Gray,2000
27,It's Gonna Be Me,N Sync,2000
28,That's the Way It Is,Céline Dion,2000
29,Country Grammar (Hot Shit),Nelly,2000
30,Bring It All to Me,Blaque,2000
31,Show Me the Meaning of Being Lonely,Backstreet Boys,2000
32,Hot Boyz,"Missy Elliott featuring Nas, Eve and Q-Tip",2000
33,Back Here,BBMak,2000
34,It Feels So Good,Sonique,2000
35,Absolutely (Story of a Girl),Nine Days,2000
36,With Arms Wide Open,Creed,2000
37,Be with You,Enrique Iglesias,2000
38,Come On Over Baby (All I Want Is You),Christina Aguilera,2000
39,No More,Ruff Endz,2000
40,All the Small Things,Blink 182,2000
41,The Way You Love Me,Faith Hill,2000
42,I Turn to You,Christina Aguilera,2000
43,Never Let You Go,Third Eye Blind,2000
44,I Need You,LeAnn Rimes,2000
45,Thank God I Found You,Mariah Carey featuring Joe and 98 Degrees,2000
46,Let's Get Married,Jagged Edge,2000
47,My Love Is Your Love,Whitney Houston,2000
48,Then the Morning Comes,Smash Mouth,2000
49,Blue (Da Ba Dee),Eiffel 65,2000
50,Desert Rose,Sting featuring Cheb Mami,2000
51,The Real Slim Shady,Eminem,2000
52,Most Girls,Pink,2000
53,Wifey,Next,2000
54,Wonderful,Everclear,2000
55,Oops!... I Did It Again,Britney Spears,2000
56,I Wanna Love You Forever,Jessica Simpson,2000
57,Give Me Just One Night (Una Noche),98 Degrees,2000
58,Take a Picture,Filter,2000
59,Otherside,Red Hot Chili Peppers,2000
60,Big Pimpin',Jay-Z featuring UGK,2000
61,Purest of Pain (A Puro Dolor),Son by Four,2000
62,He Can't Love U,Jagged Edge,2000
63,Separated,Avant,2000
64,I Wish,Carl Thomas,2000
65,U Know What's Up,Donell Jones,2000
66,Faded,soulDecision featuring Thrust,2000
67,Only God Knows Why,Kid Rock,2000
68,Shake Ya Ass,Mystikal,2000
69,Bag Lady,Erykah Badu,2000
70,Meet Virginia,Train,2000
71,Party Up (Up in Here),DMX,2000
72,Case of the Ex (Whatcha Gonna Do),Mýa,2000
73,Forgot About Dre,Dr. Dre featuring Eminem,2000
74,That's the Way,Jo Dee Messina,2000
75,Swear It Again,Westlife,2000
76,The Next Episode,Dr. Dre featuring Snoop Dogg,2000
77,From the Bottom of My Broken Heart,Britney Spears,2000
78,Crash and Burn,Savage Garden,2000
79,Yes!,Chad Brock,2000
80,The Best Day,George Strait,2000
81,Where I Wanna Be,Donell Jones,2000
82,How Do You Like Me Now?!,Toby Keith,2000
83,My Best Friend,Tim McGraw,2000
84,Broadway,Goo Goo Dolls,2000
85,What'chu Like,Da Brat featuring Tyrese,2000
86,Don't Think I'm Not,Kandi,2000
87,I Hope You Dance,Lee Ann Womack with Sons of the Desert,2000
88,Better Off Alone,Alice Deejay,2000
89,Dance with Me,Debelah Morgan,2000
90,What About Now,Lonestar,2000
91,I Like It,Sammie,2000
92,24/7,Kevon Edmonds,2000
93,Girl on TV,LFO,2000
94,Bounce with Me,Lil' Bow Wow featuring Xscape,2000
95,Cowboy Take Me Away,Dixie Chicks,2000
96,I Don't Wanna,Aaliyah,2000
97,Independent Women Part I,Destiny's Child,2000
98,Gotta Tell You,Samantha Mumba,2000
99,Waiting for Tonight,Jennifer Lopez,2000
100,Shackles (Praise You),Mary Mary,2000
1,Hanging by a Moment,Lifehouse,2001
2,Fallin',Alicia Keys,2001
3,All for You,Janet,2001
4,Drops of Jupiter (Tell Me),Train,2001
5,I'm Real (Murder Remix),Jennifer Lopez featuring Ja Rule,2001
6,If You're Gone,Matchbox Twenty,2001
7,Let Me Blow Ya Mind,Eve featuring Gwen Stefani,2001
8,Thank You,Dido,2001
9,Again,Lenny Kravitz,2001
10,Independent Women Part I,Destiny's Child,2001
11,Hit 'Em Up Style (Oops!),Blu Cantrell,2001
12,It Wasn't Me,Shaggy featuring Rikrok,2001
13,Stutter,Joe featuring Mystikal,2001
14,It's Been Awhile,Staind,2001
15,U Remind Me,Usher,2001
16,Where the Party At,Jagged Edge with Nelly,2001
17,Angel,Shaggy featuring Rayvon,2001
18,Ride wit Me,Nelly featuring City Spud,2001
19,Follow Me,Uncle Kracker,2001
20,Peaches & Cream,112,2001
21,Drive,Incubus,2001
22,What Would You Do?,City High,2001
23,Survivor,Destiny's Child,2001
24,Lady Marmalade,"Christina Aguilera, Lil' Kim, Mýa and Pink",2001
25,Ms. Jackson,OutKast,2001
26,Love Don't Cost a Thing,Jennifer Lopez,2001
27,The Way You Love Me,Faith Hill,2001
28,He Loves U Not,Dream,2001
29,Butterfly,Crazy Town,2001
30,Put It on Me,Ja Rule featuring Lil' Mo and Vita,2001
31,Family Affair,Mary J. Blige,2001
32,I Hope You Dance,Lee Ann Womack,2001
33,South Side,Moby featuring Gwen Stefani,2001
34,Don't Tell Me,Madonna,2001
35,Get Ur Freak On,Missy Elliott,2001
36,Crazy,K-Ci & JoJo,2001
37,Fill Me In,Craig David,2001
38,Someone to Call My Lover,Janet,2001
39,With Arms Wide Open,Creed,2001
40,Case of the Ex (Whatcha Gonna Do),Mýa,2001
41,All or Nothing,O-Town,2001
42,Bootylicious,Destiny's Child,2001
43,I'm Like a Bird,Nelly Furtado,2001
44,Kryptonite,3 Doors Down,2001
45,Fiesta,R. Kelly featuring Jay-Z,2001
46,When It's Over,Sugar Ray,2001
47,Jaded,Aerosmith,2001
48,Promise,Jagged Edge,2001
49,Missing You,Case,2001
50,Differences,Ginuwine,2001
51,This I Promise You,N Sync,2001
52,Izzo (H.O.V.A.),Jay-Z,2001
53,Superwoman Pt. II,Lil' Mo featuring Fabolous,2001
54,Crazy for This Girl,Evan and Jaron,2001
55,Nobody Wants to Be Lonely,Ricky Martin and Christina Aguilera,2001
56,I Just Wanna Love U (Give It 2 Me),Jay-Z,2001
57,One Minute Man,Missy Elliott featuring Ludacris,2001
58,Danger (Been So Long),Mystikal featuring Nivea,2001
59,Only Time,Enya,2001
60,I Do!!,Toya,2001
61,Never Had a Dream Come True,S Club 7,2001
62,Stranger in My House,Tamia,2001
63,Irresistible,Jessica Simpson,2001
64,Heard It All Before,Sunshine Anderson,2001
65,The Space Between,Dave Matthews Band,2001
66,There You'll Be,Faith Hill,2001
67,Love,Musiq Soulchild,2001
68,It's Over Now,112,2001
69,No More (Baby I'ma Do Right),3LW,2001
70,Turn Off the Light,Nelly Furtado,2001
71,Ain't Nothing 'bout You,Brooks & Dunn,2001
72,Play,Jennifer Lopez,2001
73,I'm Already There,Lonestar,2001
74,My Baby,Lil' Romeo,2001
75,Beautiful Day,U2,2001
76,Austin,Blake Shelton,2001
77,Southern Hospitality,Ludacris,2001
78,Grown Men Don't Cry,Tim McGraw,2001
79,Livin' It Up,Ja Rule featuring Case,2001
80,Loverboy,Mariah Carey featuring Cameo,2001
81,Contagious,The Isley Brothers featuring R. Kelly and Chanté Moore,2001
82,Who I Am,Jessica Andrews,2001
83,Music,Erick Sermon featuring Marvin Gaye,2001
84,I Wanna Be Bad,Willa Ford,2001
85,Don't Happen Twice,Kenny Chesney,2001
86,One More Day,Diamond Rio,2001
87,I Wish,R. Kelly,2001
88,It's a Great Day to Be Alive,Travis Tritt,2001
89,I'm a Thug,Trick Daddy,2001
90,Here's to the Night,Eve 6,2001
91,You Shouldn't Kiss Me Like This,Toby Keith,2001
92,Get Over Yourself,Eden's Crush,2001
93,Dance with Me,Debelah Morgan,2001
94,"So Fresh, So Clean",Outkast,2001
95,E.I.,Nelly,2001
96,Be Like That,3 Doors Down,2001
97,Most Girls,Pink,2001
98,Oochie Wally,QB Finest featuring Nas and Bravehearts,2001
99,Hero,Enrique Iglesias,2001
100,Hemorrhage (In My Hands),Fuel,2001
1,How You Remind Me,Nickelback,2002
2,Foolish,Ashanti,2002
3,Hot in Herre,Nelly,2002
4,Dilemma,Nelly featuring Kelly Rowland,2002
5,Wherever You Will Go,The Calling,2002
6,A Thousand Miles,Vanessa Carlton,2002
7,In the End,Linkin Park,2002
8,What's Luv?,Fat Joe featuring Ashanti,2002
9,U Got It Bad,Usher,2002
10,Blurry,Puddle of Mudd,2002
11,Complicated,Avril Lavigne,2002
12,Always on Time,Ja Rule featuring Ashanti,2002
13,Ain't It Funny (Murder Remix),Jennifer Lopez featuring Ja Rule,2002
14,The Middle,Jimmy Eat World,2002
15,I Need a Girl (Part One),P. Diddy featuring Usher and Loon,2002
16,U Don't Have to Call,Usher,2002
17,Family Affair,Mary J. Blige,2002
18,I Need a Girl (Part Two),"P. Diddy featuring Ginuwine, Loon and Mario Winans",2002
19,Gangsta Lovin',Eve featuring Alicia Keys,2002
20,My Sacrifice,Creed,2002
21,Without Me,Eminem,2002
22,Hero,Enrique Iglesias,2002
23,All You Wanted,Michelle Branch,2002
24,Get the Party Started,Pink,2002
25,Hero,Chad Kroeger featuring Josey Scott,2002
26,Wasting My Time,Default,2002
27,One Last Breath,Creed,2002
28,"Whenever, Wherever",Shakira,2002
29,I'm Gonna Be Alright,Jennifer Lopez featuring Nas,2002
30,Oh Boy,Cam'ron featuring Juelz Santana,2002
31,Heaven,DJ Sammy featuring Yanou and Do,2002
32,Hey Baby,No Doubt featuring Bounty Killer,2002
33,Girlfriend,N Sync featuring Nelly,2002
34,Just a Friend 2002,Mario,2002
35,Soak Up the Sun,Sheryl Crow,2002
36,Don't Let Me Get Me,Pink,2002
37,Nothin',N.O.R.E.,2002
38,Oops (Oh My),Tweet featuring Missy Elliott,2002
39,A Moment Like This,Kelly Clarkson,2002
40,Addictive,Truth Hurts featuring Rakim,2002
41,Happy,Ashanti,2002
42,No Such Thing,John Mayer,2002
43,Just Like a Pill,Pink,2002
44,Down 4 U,"Ja Rule featuring Ashanti, Charli Baltimore and Vita",2002
45,Can't Get You Out of My Head,Kylie Minogue,2002
46,Superman (It's Not Easy),Five for Fighting,2002
47,Cleanin' Out My Closet,Eminem,2002
48,Halfcrazy,Musiq Soulchild,2002
49,"Lights, Camera, Action!",Mr. Cheeks,2002
50,Still Fly,Big Tymers,2002
51,A Woman's Worth,Alicia Keys,2002
52,7 Days,Craig David,2002
53,Hey Ma,Cam'ron featuring Juelz Santana and Freekey Zekey,2002
54,Work It,Missy Elliott,2002
55,Move Bitch,Ludacris featuring Mystikal and I-20,2002
56,Can't Fight the Moonlight,LeAnn Rimes,2002
57,Escape,Enrique Iglesias,2002
58,More than a Woman,Aaliyah,2002
59,Hella Good,No Doubt,2002
60,I Love You,Faith Evans,2002
61,Gotta Get thru This,Daniel Bedingfield,2002
62,"Pass the Courvoisier, Part II",Busta Rhymes featuring P. Diddy and Pharrell,2002
63,Lose Yourself,Eminem,2002
64,Butterflies,Michael Jackson,2002
65,What About Us?,Brandy,2002
66,Underneath Your Clothes,Shakira,2002
67,Rainy Dayz,Mary J. Blige featuring Ja Rule,2002
68,Differences,Ginuwine,2002
69,If I Could Go!,Angie Martinez featuring Lil' Mo and Sacario,2002
70,The Whole World,Outkast featuring Killer Mike,2002
71,Underneath It All,No Doubt featuring Lady Saw,2002
72,Caramel,City High featuring Eve,2002
73,Luv U Better,LL Cool J,2002
74,Gimme the Light,Sean Paul,2002
75,Gone,N Sync,2002
76,Livin' It Up,Ja Rule featuring Case,2002
77,Rollout (My Business),Ludacris,2002
78,Here Is Gone,Goo Goo Dolls,2002
79,No More Drama,Mary J. Blige,2002
80,Days Go By,Dirty Vegas,2002
81,Baby,Ashanti,2002
82,The Good Stuff,Kenny Chesney,2002
83,We Thuggin',Fat Joe featuring R. Kelly,2002
84,Good Morning Beautiful,Steve Holy,2002
85,Rock the Boat,Aaliyah,2002
86,Drive (For Daddy Gene),Alan Jackson,2002
87,Standing Still,Jewel,2002
88,Anything,Jaheim featuring Next,2002
89,Full Moon,Brandy,2002
90,Uh Huh,B2K,2002
91,A New Day Has Come,Celine Dion,2002
92,Turn Off the Light,Nelly Furtado,2002
93,Living and Living Well,George Strait,2002
94,My List,Toby Keith,2002
95,Hands Clean,Alanis Morissette,2002
96,Sk8er Boi,Avril Lavigne,2002
97,Long Time Gone,Dixie Chicks,2002
98,Where Were You (When the World Stopped Turning),Alan Jackson,2002
99,Like I Love You,Justin Timberlake,2002
100,I Do!!,Toya,2002
1,In da Club,50 Cent,2003
2,Ignition,R. Kelly,2003
3,Get Busy,Sean Paul,2003
4,Crazy in Love,Beyoncé featuring Jay-Z,2003
5,When I'm Gone,3 Doors Down,2003
6,Unwell,Matchbox Twenty,2003
7,Right Thurr,Chingy,2003
8,Miss You,Aaliyah,2003
9,Picture,Kid Rock featuring Sheryl Crow,2003
10,Bring Me to Life,Evanescence featuring Paul McCoy,2003
11,Get Low,Lil Jon & The East Side Boyz featuring Ying Yang Twins,2003
12,Baby Boy,Beyoncé featuring Sean Paul,2003
13,Shake Ya Tailfeather,"Nelly, P. Diddy and Murphy Lee",2003
14,21 Questions,50 Cent featuring Nate Dogg,2003
15,All I Have,Jennifer Lopez featuring LL Cool J,2003
16,Beautiful,Christina Aguilera,2003
17,I Know What You Want,Busta Rhymes and Mariah Carey featuring Flipmode Squad,2003
18,I'm with You,Avril Lavigne,2003
19,Drift Away,Uncle Kracker featuring Dobie Gray,2003
20,Magic Stick,Lil' Kim featuring 50 Cent,2003
21,P.I.M.P.,50 Cent,2003
22,"Bump, Bump, Bump",B2K and P. Diddy,2003
23,Into You,Fabolous featuring Tamia,2003
24,Can't Let You Go,Fabolous featuring Lil' Mo and Mike Shorey,2003
25,Mesmerize,Ja Rule featuring Ashanti,2003
26,Where Is the Love?,Black Eyed Peas,2003
27,The Game of Love,Santana featuring Michelle Branch,2003
28,Lose Yourself,Eminem,2003
29,Rock wit U (Awww Baby),Ashanti,2003
30,Cry Me a River,Justin Timberlake,2003
31,How You Gonna Act Like That,Tyrese,2003
32,Rock Your Body,Justin Timberlake,2003
33,No Letting Go,Wayne Wonder,2003
34,Frontin',Pharrell featuring Jay-Z,2003
35,Landslide,Dixie Chicks,2003
36,Work It,Missy Elliott,2003
37,03 Bonnie & Clyde,Jay-Z featuring Beyoncé,2003
38,Don't Mess with My Man,Nivea featuring Jagged Edge,2003
39,So Gone,Monica,2003
40,Air Force Ones,Nelly featuring St. Lunatics,2003
41,"Never Leave You (Uh Oooh, Uh Oooh)",Lumidee,2003
42,Beautiful,Snoop Dogg featuring Pharrell and Charlie Wilson,2003
43,Gossip Folks,Missy Elliott featuring Ludacris,2003
44,Miss Independent,Kelly Clarkson,2003
45,Calling All Angels,Train,2003
46,Damn!,YoungBloodZ featuring Lil Jon,2003
47,This Is the Night,Clay Aiken,2003
48,Your Body Is a Wonderland,John Mayer,2003
49,Headstrong,Trapt,2003
50,In Those Jeans,Ginuwine,2003
51,Stand Up,Ludacris featuring Shawnna,2003
52,The Remedy (I Won't Worry),Jason Mraz,2003
53,Why Don't You & I,Santana featuring Alex Band,2003
54,Excuse Me Miss,Jay-Z,2003
55,Jenny from the Block,Jennifer Lopez featuring Jadakiss and Styles P,2003
56,Are You Happy Now?,Michelle Branch,2003
57,Forever and for Always,Shania Twain,2003
58,I Can,Nas,2003
59,Underneath It All,No Doubt featuring Lady Saw,2003
60,If You're Not the One,Daniel Bedingfield,2003
61,Thoia Thoing,R. Kelly,2003
62,Here Without You,3 Doors Down,2003
63,Wanksta,50 Cent,2003
64,My Love Is Like...Wo,Mýa,2003
65,It's Five O'Clock Somewhere,Alan Jackson featuring Jimmy Buffett,2003
66,Like Glue,Sean Paul,2003
67,Can't Hold Us Down,Christina Aguilera featuring Lil' Kim,2003
68,My Front Porch Looking In,Lonestar,2003
69,Angel,Amanda Perez,2003
70,She Hates Me,Puddle of Mudd,2003
71,Don't Wanna Try,Frankie J,2003
72,The Jump Off,Lil' Kim featuring Mr. Cheeks,2003
73,Intuition,Jewel,2003
74,Hell Yeah,Ginuwine featuring Baby,2003
75,Beer for My Horses,Toby Keith featuring Willie Nelson,2003
76,Holidae In,Chingy featuring Ludacris and Snoop Dogg,2003
77,Suga Suga,Baby Bash featuring Frankie J,2003
78,Love of My Life (An Ode to Hip-Hop),Erykah Badu featuring Common,2003
79,Fighter,Christina Aguilera,2003
80,Thugz Mansion,2Pac,2003
81,Clocks,Coldplay,2003
82,Put That Woman First,Jaheim,2003
83,Rain on Me,Ashanti,2003
84,19 Somethin',Mark Wills,2003
85,"Can't Stop, Won't Stop",Young Gunz,2003
86,Red Dirt Road,Brooks & Dunn,2003
87,What Was I Thinkin',Dierks Bentley,2003
88,Flying Without Wings,Ruben Studdard,2003
89,Sing for the Moment,Eminem,2003
90,Have You Forgotten?,Darryl Worley,2003
91,"No Shoes, No Shirt, No Problems",Kenny Chesney,2003
92,Come Over,Aaliyah,2003
93,Sick of Being Lonely,Field Mob,2003
94,Step in the Name of Love,R. Kelly,2003
95,I Want You,Thalía featuring Fat Joe,2003
96,Like a Stone,Audioslave,2003
97,Don't Know Why,Norah Jones,2003
98,Superman,Eminem,2003
99,Real Good Man,Tim McGraw,2003
100,Say Yes,Floetry,2003
1,Yeah!,Usher featuring Lil Jon and Ludacris,2004
2,Burn,Usher,2004
3,If I Ain't Got You,Alicia Keys,2004
4,This Love,Maroon 5,2004
5,The Way You Move,OutKast featuring Sleepy Brown,2004
6,The Reason,Hoobastank,2004
7,I Don't Wanna Know,Mario Winans featuring Enya and P. Diddy,2004
8,Hey Ya!,OutKast,2004
9,Goodies,Ciara featuring Petey Pablo,2004
10,Lean Back,Terror Squad featuring Fat Joe and Remy Ma,2004
11,Tipsy,J-Kwon,2004
12,Confessions Part II,Usher,2004
13,Slow Motion,Juvenile featuring Soulja Slim,2004
14,Freek-a-Leek,Petey Pablo,2004
15,Here Without You,3 Doors Down,2004
16,Slow Jamz,Twista featuring Kanye West and Jamie Foxx,2004
17,Someday,Nickelback,2004
18,Naughty Girl,Beyoncé,2004
19,My Immortal,Evanescence,2004
20,Sunshine,Lil' Flip featuring Lea,2004
21,Dirt Off Your Shoulder,Jay-Z,2004
22,Move Ya Body,Nina Sky featuring Jabba,2004
23,Dip It Low,Christina Milian,2004
24,My Boo,Usher and Alicia Keys,2004
25,One Call Away,Chingy featuring J-Weav,2004
26,"Me, Myself and I",Beyoncé,2004
27,Turn Me On,Kevin Lyttle featuring Spragga Benz,2004
28,The First Cut Is the Deepest,Sheryl Crow,2004
29,You Don't Know My Name,Alicia Keys,2004
30,My Place,Nelly featuring Jaheim,2004
31,Overnight Celebrity,Twista,2004
32,Hotel,Cassidy featuring R. Kelly,2004
33,Numb,Linkin Park,2004
34,Diary,Alicia Keys featuring Tony! Toni! Toné!,2004
35,She Will Be Loved,Maroon 5,2004
36,White Flag,Dido,2004
37,Heaven,Los Lonely Boys,2004
38,It's My Life,No Doubt,2004
39,Pieces of Me,Ashlee Simpson,2004
40,Leave (Get Out),JoJo,2004
41,Milkshake,Kelis,2004
42,Splash Waterfalls,Ludacris,2004
43,Jesus Walks,Kanye West,2004
44,Locked Up,Akon featuring Styles P,2004
45,Stand Up,Ludacris featuring Shawnna,2004
46,Suga Suga,Baby Bash featuring Frankie J,2004
47,All Falls Down,Kanye West featuring Syleena Johnson,2004
48,Toxic,Britney Spears,2004
49,Salt Shaker,Ying Yang Twins featuring Lil Jon & the East Side Boyz,2004
50,With You,Jessica Simpson,2004
51,Meant to Live,Switchfoot,2004
52,I Like That,"Houston featuring Chingy, Nate Dogg and I-20",2004
53,Sorry 2004,Ruben Studdard,2004
54,My Happy Ending,Avril Lavigne,2004
55,On Fire,Lloyd Banks,2004
56,Roses,OutKast,2004
57,Walked Outta Heaven,Jagged Edge,2004
58,Lose My Breath,Destiny's Child,2004
59,My Band,D12,2004
60,I'm Still in Love with You,Sean Paul featuring Sasha,2004
61,Through the Wire,Kanye West,2004
62,Why?,Jadakiss featuring Anthony Hamilton,2004
63,Fuck It (I Don't Want You Back),Eamon,2004
64,Read Your Mind,Avant,2004
65,Game Over (Flip),Lil' Flip,2004
66,One Thing,Finger Eleven,2004
67,Headsprung,LL Cool J,2004
68,Damn!,YoungBloodZ featuring Lil Jon,2004
69,Baby Boy,Beyoncé featuring Sean Paul,2004
70,Get Low,Lil Jon & the East Side Boyz featuring Ying Yang Twins,2004
71,Drop It Like It's Hot,Snoop Dogg featuring Pharrell,2004
72,U Should've Known Better,Monica,2004
73,On the Way Down,Ryan Cabrera,2004
74,Breakaway,Kelly Clarkson,2004
75,Why Don't You & I,Santana featuring Alex Band or Chad Kroeger,2004
76,Are You Gonna Be My Girl,Jet,2004
77,100 Years,Five for Fighting,2004
78,Step in the Name of Love,R. Kelly,2004
79,Breaking the Habit,Linkin Park,2004
80,Gigolo,Nick Cannon featuring R. Kelly,2004
81,Live Like You Were Dying,Tim McGraw,2004
82,Remember When,Alan Jackson,2004
83,Everytime,Britney Spears,2004
84,Southside,Lloyd featuring Ashanti,2004
85,Dude,Beenie Man featuring Ms. Thing,2004
86,Wanna Get to Know You,G-Unit featuring Joe,2004
87,Holidae In,Chingy featuring Ludacris and Snoop Dogg,2004
88,Let's Get It Started,The Black Eyed Peas,2004
89,When the Sun Goes Down,Kenny Chesney and Uncle Kracker,2004
90,American Soldier,Toby Keith,2004
91,Change Clothes,Jay-Z,2004
92,Don't Tell Me,Avril Lavigne,2004
93,You'll Think of Me,Keith Urban,2004
94,Happy People,R. Kelly,2004
95,Hey Mama,The Black Eyed Peas,2004
96,Over and Over,Nelly featuring Tim McGraw,2004
97,Redneck Woman,Gretchen Wilson,2004
98,Just Lose It,Eminem,2004
99,Letters from Home,John Michael Montgomery,2004
100,I Go Back,Kenny Chesney,2004
1,We Belong Together,Mariah Carey,2005
2,Hollaback Girl,Gwen Stefani,2005
3,Let Me Love You,Mario,2005
4,Since U Been Gone,Kelly Clarkson,2005
5,"1, 2 Step",Ciara featuring Missy Elliott,2005
6,Gold Digger,Kanye West featuring Jamie Foxx,2005
7,Boulevard of Broken Dreams,Green Day,2005
8,Candy Shop,50 Cent featuring Olivia,2005
9,Don't Cha,The Pussycat Dolls featuring Busta Rhymes,2005
10,Behind These Hazel Eyes,Kelly Clarkson,2005
11,Disco Inferno,50 Cent,2005
12,You and Me,Lifehouse,2005
13,Don't Phunk with My Heart,The Black Eyed Peas,2005
14,Lose Control,Missy Elliott featuring Ciara and Fatman Scoop,2005
15,Shake It Off,Mariah Carey,2005
16,Mr. Brightside,The Killers,2005
17,Just a Lil Bit,50 Cent,2005
18,Pon de Replay,Rihanna,2005
19,How We Do,The Game featuring 50 Cent,2005
20,Beverly Hills,Weezer,2005
21,Oh,Ciara featuring Ludacris,2005
22,Lonely No More,Rob Thomas,2005
23,Drop It Like It's Hot,Snoop Dogg featuring Pharrell,2005
24,Hate It or Love It,The Game featuring 50 Cent,2005
25,Lovers & Friends,Lil Jon featuring Usher and Ludacris,2005
26,Soldier,Destiny's Child featuring T.I. and Lil Wayne,2005
27,Breakaway,Kelly Clarkson,2005
28,Switch,Will Smith,2005
29,Let Me Hold You,Bow Wow featuring Omarion,2005
30,Like You,Bow Wow featuring Ciara,2005
31,Rich Girl,Gwen Stefani featuring Eve,2005
32,My Humps,The Black Eyed Peas,2005
33,Obsession (No Es Amor),Frankie J featuring Baby Bash,2005
34,Caught Up,Usher,2005
35,Listen to Your Heart,DHT featuring Edmee,2005
36,Scars,Papa Roach,2005
37,Feel Good Inc.,Gorillaz,2005
38,Let Me Go,3 Doors Down,2005
39,Holiday,Green Day,2005
40,"Sugar, We're Goin Down",Fall Out Boy,2005
41,Grind with Me,Pretty Ricky,2005
42,Run It!,Chris Brown featuring Juelz Santana,2005
43,Photograph,Nickelback,2005
44,Lonely,Akon,2005
45,Collide,Howie Day,2005
46,Wake Me Up When September Ends,Green Day,2005
47,Slow Down,Bobby Valentino,2005
48,Over and Over,Nelly featuring Tim McGraw,2005
49,Some Cut,Trillville featuring Cutty,2005
50,Get It Poppin',Fat Joe featuring Nelly,2005
51,Play,David Banner,2005
52,Soul Survivor,Young Jeezy featuring Akon,2005
53,Pimpin' All Over the World,Ludacris featuring Bobby Valentino,2005
54,My Boo,Usher and Alicia Keys,2005
55,Sugar (Gimme Some),"Trick Daddy featuring Ludacris, Lil' Kim and Cee Lo Green",2005
56,Karma,Alicia Keys,2005
57,Speed of Sound,Coldplay,2005
58,I Don't Want to Be,Gavin DeGraw,2005
59,Mockingbird,Eminem,2005
60,La Tortura,Shakira featuring Alejandro Sanz,2005
61,She Will Be Loved,Maroon 5,2005
62,Baby I'm Back,Baby Bash featuring Akon,2005
63,Wait (The Whisper Song),Ying Yang Twins,2005
64,Incomplete,Backstreet Boys,2005
65,Bring Em Out,T.I.,2005
66,Cater 2 U,Destiny's Child,2005
67,1 Thing,Amerie,2005
68,Best of You,Foo Fighters,2005
69,It's Like That,Mariah Carey featuring Jermaine Dupri and Fatman Scoop,2005
70,Goin' Crazy,Natalie,2005
71,Inside Your Heaven,Carrie Underwood,2005
72,Because of You,Kelly Clarkson,2005
73,Truth Is,Fantasia,2005
74,Your Body,Pretty Ricky,2005
75,Beautiful Soul,Jesse McCartney,2005
76,Cool,Gwen Stefani,2005
77,Get Back,Ludacris,2005
78,Outta Control,50 Cent featuring Mobb Deep,2005
79,U Don't Know Me,T.I.,2005
80,These Words,Natasha Bedingfield,2005
81,Don't Lie,The Black Eyed Peas,2005
82,Get Right,Jennifer Lopez,2005
83,Daughters,John Mayer,2005
84,As Good as I Once Was,Toby Keith,2005
85,Girlfight,Brooke Valentine featuring Lil Jon and Big Boi,2005
86,Lose My Breath,Destiny's Child,2005
87,Ordinary People,John Legend,2005
88,We Be Burnin',Sean Paul,2005
89,Just the Girl,The Click Five,2005
90,TRUE,Ryan Cabrera,2005
91,O,Omarion,2005
92,Back Then,Mike Jones,2005
93,Numb/Encore,Jay-Z and Linkin Park,2005
94,Wonderful,Ja Rule featuring R. Kelly and Ashanti,2005
95,I'm Sprung,T-Pain,2005
96,Chariot,Gavin DeGraw,2005
97,U Already Know,112 featuring Foxy Brown,2005
98,Mississippi Girl,Faith Hill,2005
99,Number One Spot,Ludacris,2005
100,Give Me That,Webbie featuring Bun B,2005
1,Bad Day,Daniel Powter,2006
2,Temperature,Sean Paul,2006
3,Promiscuous,Nelly Furtado featuring Timbaland,2006
4,You're Beautiful,James Blunt,2006
5,Hips Don't Lie,Shakira featuring Wyclef Jean,2006
6,Unwritten,Natasha Bedingfield,2006
7,Crazy,Gnarls Barkley,2006
8,Ridin',Chamillionaire featuring Krayzie Bone,2006
9,SexyBack,Justin Timberlake featuring Timbaland,2006
10,Check on It,Beyoncé featuring Slim Thug,2006
11,Be Without You,Mary J. Blige,2006
12,Grillz,"Nelly, Paul Wall and Ali & Gipp",2006
13,Over My Head (Cable Car),The Fray,2006
14,Me & U,Cassie,2006
15,Buttons,Pussycat Dolls featuring Snoop Dogg,2006
16,Run It!,Chris Brown featuring Juelz Santana,2006
17,So Sick,Ne-Yo,2006
18,It's Goin' Down,Yung Joc featuring Nitti,2006
19,SOS,Rihanna,2006
20,I Write Sins Not Tragedies,Panic! at the Disco,2006
21,Move Along,The All-American Rejects,2006
22,London Bridge,Fergie,2006
23,Dani California,Red Hot Chili Peppers,2006
24,Snap Yo Fingers,Lil Jon featuring E-40 and Sean Paul,2006
25,"Lean wit It, Rock wit It",Dem Franchize Boyz,2006
26,What Hurts the Most,Rascal Flatts,2006
27,How to Save a Life,The Fray,2006
28,Unfaithful,Rihanna,2006
29,Chasing Cars,Snow Patrol,2006
30,Lips of an Angel,Hinder,2006
31,Everytime We Touch,Cascada,2006
32,Ain't No Other Man,Christina Aguilera,2006
33,"Dance, Dance",Fall Out Boy,2006
34,Gold Digger,Kanye West featuring Jamie Foxx,2006
35,Money Maker,Ludacris featuring Pharrell,2006
36,Ms. New Booty,Bubba Sparxxx featuring Ying Yang Twins,2006
37,(When You Gonna) Give It Up to Me,Sean Paul featuring Keyshia Cole,2006
38,Photograph,Nickelback,2006
39,Because of You,Kelly Clarkson,2006
40,Stickwitu,Pussycat Dolls,2006
41,I'm 'n Luv (wit a Stripper),T-Pain featuring Mike Jones,2006
42,My Humps,The Black Eyed Peas,2006
43,Where'd You Go,Fort Minor featuring Holly Brook and Jonah Matranga,2006
44,Yo (Excuse Me Miss),Chris Brown,2006
45,Walk Away,Kelly Clarkson,2006
46,Laffy Taffy,D4L,2006
47,What You Know,T.I.,2006
48,Dirty Little Secret,The All-American Rejects,2006
49,Savin' Me,Nickelback,2006
50,Don't Forget About Us,Mariah Carey,2006
51,Sexy Love,Ne-Yo,2006
52,U and Dat,E-40 featuring T-Pain and Kandi Girl,2006
53,Far Away,Nickelback,2006
54,What's Left of Me,Nick Lachey,2006
55,So What,Field Mob featuring Ciara,2006
56,Do It to It,Cherish featuring Sean P,2006
57,Black Horse and the Cherry Tree,KT Tunstall,2006
58,There It Go (The Whistle Song),Juelz Santana,2006
59,Shoulder Lean,Young Dro featuring T.I.,2006
60,Unpredictable,Jamie Foxx featuring Ludacris,2006
61,My Love,Justin Timberlake featuring T.I.,2006
62,Shake That,Eminem featuring Nate Dogg,2006
63,Pullin' Me Back,Chingy featuring Tyrese,2006
64,Bossy,Kelis featuring Too Short,2006
65,Chain Hang Low,Jibbs,2006
66,Smack That,Akon featuring Eminem,2006
67,One Wish,Ray J,2006
68,"Sugar, We're Goin Down",Fall Out Boy,2006
69,Gimme That,Chris Brown featuring Lil Wayne,2006
70,I Know You See It,Yung Joc,2006
71,Who Says You Can't Go Home,Bon Jovi featuring Jennifer Nettles,2006
72,Too Little Too Late,JoJo,2006
73,Touch It,Busta Rhymes,2006
74,Rompe,Daddy Yankee,2006
75,Déjà Vu,Beyoncé featuring Jay-Z,2006
76,Life Is a Highway,Rascal Flatts,2006
77,Call Me When You're Sober,Evanescence,2006
78,"Jesus, Take the Wheel",Carrie Underwood,2006
79,Show Stopper,Danity Kane featuring Yung Joc,2006
80,Get Up,Ciara featuring Chamillionaire,2006
81,We Be Burnin',Sean Paul,2006
82,Hate Me,Blue October,2006
83,You and Me,Lifehouse,2006
84,Beep,Pussycat Dolls featuring will.i.am,2006
85,I Think They Like Me,"Dem Franchize Boyz featuring Jermaine Dupri, Da Brat and Bow Wow",2006
86,Say Goodbye,Chris Brown,2006
87,Waiting on the World to Change,John Mayer,2006
88,Soul Survivor,Young Jeezy featuring Akon,2006
89,Pump It,The Black Eyed Peas,2006
90,When I'm Gone,Eminem,2006
91,Hung Up,Madonna,2006
92,Stay Fly,Three 6 Mafia featuring Young Buck and 8Ball & MJG,2006
93,Love,Keyshia Cole,2006
94,When You're Mad,Ne-Yo,2006
95,Why You Wanna,T.I.,2006
96,Stupid Girls,Pink,2006
97,Feel Good Inc.,Gorillaz,2006
98,I'm Sprung,T-Pain,2006
99,Do I Make You Proud,Taylor Hicks,2006
100,For You I Will (Confidence),Teddy Geiger,2006
1,Irreplaceable,Beyoncé,2007
2,Umbrella,Rihanna featuring Jay-Z,2007
3,The Sweet Escape,Gwen Stefani featuring Akon,2007
4,Big Girls Don't Cry,Fergie,2007
5,Buy U a Drank (Shawty Snappin'),T-Pain featuring Yung Joc,2007
6,Before He Cheats,Carrie Underwood,2007
7,Hey There Delilah,Plain White T's,2007
8,I Wanna Love You,Akon featuring Snoop Dogg,2007
9,Say It Right,Nelly Furtado,2007
10,Glamorous,Fergie featuring Ludacris,2007
11,Don't Matter,Akon,2007
12,Girlfriend,Avril Lavigne,2007
13,Makes Me Wonder,Maroon 5,2007
14,Party Like a Rockstar,Shop Boyz,2007
15,Smack That,Akon featuring Eminem,2007
16,This Is Why I'm Hot,Mims,2007
17,It's Not Over,Daughtry,2007
18,The Way I Are,Timbaland featuring Keri Hilson,2007
19,Fergalicious,Fergie featuring will.i.am,2007
20,Crank That (Soulja Boy),Soulja Boy Tell 'Em,2007
21,Give It to Me,Timbaland featuring Nelly Furtado and Justin Timberlake,2007
22,What Goes Around... Comes Around,Justin Timberlake,2007
23,Cupid's Chokehold,Gym Class Heroes featuring Patrick Stump,2007
24,How to Save a Life,The Fray,2007
25,Home,Daughtry,2007
26,My Love,Justin Timberlake featuring T.I.,2007
27,Stronger,Kanye West,2007
28,We Fly High,Jim Jones,2007
29,U + Ur Hand,Pink,2007
30,Walk It Out,Unk,2007
31,Beautiful Girls,Sean Kingston,2007
32,"This Ain't a Scene, It's an Arms Race",Fall Out Boy,2007
33,Bartender,T-Pain featuring Akon,2007
34,"Pop, Lock & Drop It",Huey,2007
35,Runaway Love,Ludacris featuring Mary J. Blige,2007
36,Rockstar,Nickelback,2007
37,Thnks fr th Mmrs,Fall Out Boy,2007
38,What I've Done,Linkin Park,2007
39,Summer Love,Justin Timberlake,2007
40,You,Lloyd featuring Lil Wayne,2007
41,Wait for You,Elliott Yamin,2007
42,Last Night,Diddy featuring Keyshia Cole,2007
43,Make It Rain,Fat Joe featuring Lil Wayne,2007
44,Make Me Better,Fabolous featuring Ne-Yo,2007
45,Ice Box,Omarion featuring Timbaland,2007
46,Lips of an Angel,Hinder,2007
47,Waiting on the World to Change,John Mayer,2007
48,Lost Without U,Robin Thicke,2007
49,I'm a Flirt,R. Kelly featuring T.I. and T-Pain,2007
50,If Everyone Cared,Nickelback,2007
51,Get It Shawty,Lloyd,2007
52,Face Down,The Red Jumpsuit Apparatus,2007
53,The Way I Live,Baby Boy da Prince,2007
54,Shortie Like Mine,Bow Wow featuring Chris Brown and Johntá Austin,2007
55,It Ends Tonight,The All-American Rejects,2007
56,A Bay Bay,Hurricane Chris,2007
57,Because of You,Ne-Yo,2007
58,I Tried,Bone Thugs-n-Harmony featuring Akon,2007
59,Welcome To The Black Parade,My Chemical Romance,2007
60,Shawty,Plies featuring T-Pain,2007
61,Chasing Cars,Snow Patrol,2007
62,Beautiful Liar,Beyoncé and Shakira,2007
63,SexyBack,Justin Timberlake featuring Timbaland,2007
64,Keep Holding On,Avril Lavigne,2007
65,Let It Go,Keyshia Cole featuring Missy Elliott and Lil' Kim,2007
66,Apologize,Timbaland featuring OneRepublic,2007
67,Bubbly,Colbie Caillat,2007
68,Like a Boy,Ciara,2007
69,Who Knew,Pink,2007
70,Never Again,Kelly Clarkson,2007
71,Promise,Ciara,2007
72,Bed,J. Holiday,2007
73,Throw Some D's,Rich Boy featuring Polow da Don,2007
74,Rehab,Amy Winehouse,2007
75,Big Shit Poppin' (Do It),T.I.,2007
76,No One,Alicia Keys,2007
77,The Great Escape,Boys Like Girls,2007
78,2 Step,Unk,2007
79,Walk Away (Remember Me),Paula DeAnda featuring The D.E.Y.,2007
80,Go Getta,Young Jeezy featuring R. Kelly,2007
81,Here (In Your Arms),Hellogoodbye,2007
82,On the Hotline,Pretty Ricky,2007
83,Wind It Up,Gwen Stefani,2007
84,Cyclone,Baby Bash featuring T-Pain,2007
85,Break It Off,Rihanna featuring Sean Paul,2007
86,First Time,Lifehouse,2007
87,Ayo Technology,50 Cent featuring Justin Timberlake and Timbaland,2007
88,Outta My System,Bow Wow featuring T-Pain and Johntá Austin,2007
89,Teardrops on My Guitar,Taylor Swift,2007
90,Shut Up and Drive,Rihanna,2007
91,Snow (Hey Oh),Red Hot Chili Peppers,2007
92,Money Maker,Ludacris featuring Pharrell,2007
93,Kiss Kiss,Chris Brown featuring T-Pain,2007
94,Far Away,Nickelback,2007
95,Rock Yo Hips,Crime Mob and Lil' Scrappy,2007
96,LoveStoned,Justin Timberlake,2007
97,Better than Me,Hinder,2007
98,Paralyzer,Finger Eleven,2007
99,That's That,Snoop Dogg featuring R. Kelly,2007
100,Same Girl,R. Kelly featuring Usher,2007
1,Low,Flo Rida featuring T-Pain,2008
2,Bleeding Love,Leona Lewis,2008
3,No One,Alicia Keys,2008
4,Lollipop,Lil Wayne featuring Static Major,2008
5,Apologize,Timbaland featuring OneRepublic,2008
6,No Air,Jordin Sparks and Chris Brown,2008
7,Love Song,Sara Bareilles,2008
8,Love in This Club,Usher featuring Young Jeezy,2008
9,With You,Chris Brown,2008
10,Forever,Chris Brown,2008
11,Sexy Can I,Ray J featuring Yung Berg,2008
12,Take a Bow,Rihanna,2008
13,Viva la Vida,Coldplay,2008
14,I Kissed a Girl,Katy Perry,2008
15,Whatever You Like,T.I.,2008
16,Disturbia,Rihanna,2008
17,Don't Stop the Music,Rihanna,2008
18,Pocketful of Sunshine,Natasha Bedingfield,2008
19,Kiss Kiss,Chris Brown featuring T-Pain,2008
20,Closer,Ne-Yo,2008
21,Bubbly,Colbie Caillat,2008
22,Touch My Body,Mariah Carey,2008
23,4 Minutes,Madonna featuring Justin Timberlake and Timbaland,2008
24,So What,Pink,2008
25,Paralyzer,Finger Eleven,2008
26,Clumsy,Fergie,2008
27,I'm Yours,Jason Mraz,2008
28,Leavin',Jesse McCartney,2008
29,Dangerous,Kardinal Offishall featuring Akon,2008
30,Tattoo,Jordin Sparks,2008
31,See You Again,Miley Cyrus,2008
32,Shake It,Metro Station,2008
33,Stop and Stare,OneRepublic,2008
34,Take You There,Sean Kingston,2008
35,Paper Planes,M.I.A.,2008
36,Hot n Cold,Katy Perry,2008
37,Live Your Life,T.I. featuring Rihanna,2008
38,Bust It Baby (Part 2),Plies featuring Ne-Yo,2008
39,American Boy,Estelle featuring Kanye West,2008
40,Got Money,Lil Wayne featuring T-Pain,2008
41,Our Song,Taylor Swift,2008
42,Damaged,Danity Kane,2008
43,A Milli,Lil Wayne,2008
44,Sorry,Buckcherry,2008
45,Independent,Webbie featuring Lil Boosie and Lil Phat,2008
46,Can't Believe It,T-Pain featuring Lil Wayne,2008
47,Like You'll Never See Me Again,Alicia Keys,2008
48,Teardrops on My Guitar,Taylor Swift,2008
49,When I Grow Up,Pussycat Dolls,2008
50,Sexual Eruption,Snoop Dogg,2008
51,What You Got,Colby O'Donis featuring Akon,2008
52,It's Not My Time,3 Doors Down,2008
53,Better in Time,Leona Lewis,2008
54,Crank That (Soulja Boy),Soulja Boy Tell 'Em,2008
55,Shadow of the Day,Linkin Park,2008
56,Sweetest Girl (Dollar Bill),"Wyclef Jean featuring Akon, Lil Wayne and Niia",2008
57,Miss Independent,Ne-Yo,2008
58,Fall for You,Secondhand Serenade,2008
59,In the Ayer,Flo Rida featuring will.i.am,2008
60,Say,John Mayer,2008
61,One Step at a Time,Jordin Sparks,2008
62,Hate That I Love You,Rihanna featuring Ne-Yo,2008
63,Superstar,Lupe Fiasco featuring Matthew Santos,2008
64,Suffocate,J. Holiday,2008
65,Let It Rock,Kevin Rudolf featuring Lil Wayne,2008
66,Get Like Me,David Banner featuring Chris Brown and Yung Joc,2008
67,Realize,Colbie Caillat,2008
68,Put On,Young Jeezy featuring Kanye West,2008
69,The Time of My Life,David Cook,2008
70,Lolli Lolli (Pop That Body),Three 6 Mafia,2008
71,Cyclone,Baby Bash featuring T-Pain,2008
72,Love Like This,Natasha Bedingfield featuring Sean Kingston,2008
73,Burnin' Up,Jonas Brothers featuring Big Rob,2008
74,Love Lockdown,Kanye West,2008
75,I Luv Your Girl,The-Dream,2008
76,Crush,David Archuleta,2008
77,Hypnotized,Plies featuring Akon,2008
78,Big Girls Don't Cry,Fergie,2008
79,Good Life,Kanye West featuring T-Pain,2008
80,Womanizer,Britney Spears,2008
81,Love Story,Taylor Swift,2008
82,Just Fine,Mary J. Blige,2008
83,Piece of Me,Britney Spears,2008
84,The Boss,Rick Ross featuring T-Pain,2008
85,All Summer Long,Kid Rock,2008
86,Can't Help but Wait,Trey Songz,2008
87,In Love with a Girl,Gavin DeGraw,2008
88,My Life,The Game featuring Lil Wayne,2008
89,I Remember,Keyshia Cole,2008
90,Flashing Lights,Kanye West featuring Dwele,2008
91,Mrs. Officer,Lil Wayne featuring Bobby Valentino and Kidd Kidd,2008
92,7 Things,Miley Cyrus,2008
93,You're Gonna Miss This,Trace Adkins,2008
94,Love Remains the Same,Gavin Rossdale,2008
95,Feels Like Tonight,Daughtry,2008
96,The Way I Are,Timbaland featuring Keri Hilson,2008
97,Addicted,Saving Abel,2008
98,Into the Night,Santana featuring Chad Kroeger,2008
99,Heaven Sent,Keyshia Cole,2008
100,She Got It,2 Pistols featuring T-Pain and Tay Dizm,2008
1,Boom Boom Pow,The Black Eyed Peas,2009
2,Poker Face,Lady Gaga,2009
3,Just Dance,Lady Gaga featuring Colby O'Donis,2009
4,I Gotta Feeling,The Black Eyed Peas,2009
5,Love Story,Taylor Swift,2009
6,Right Round,Flo Rida,2009
7,I'm Yours,Jason Mraz,2009
8,Single Ladies (Put a Ring on It),Beyoncé,2009
9,Heartless,Kanye West,2009
10,Gives You Hell,The All-American Rejects,2009
11,You Belong with Me,Taylor Swift,2009
12,Dead and Gone,T.I. featuring Justin Timberlake,2009
13,You Found Me,The Fray,2009
14,Use Somebody,Kings of Leon,2009
15,Knock You Down,Keri Hilson featuring Kanye West and Ne-Yo,2009
16,Blame It,Jamie Foxx featuring T-Pain,2009
17,I Know You Want Me (Calle Ocho),Pitbull,2009
18,Live Your Life,T.I. featuring Rihanna,2009
19,Kiss Me thru the Phone,Soulja Boy Tell 'Em featuring Sammie,2009
20,Down,Jay Sean featuring Lil Wayne,2009
21,The Climb,Miley Cyrus,2009
22,Best I Ever Had,Drake,2009
23,My Life Would Suck Without You,Kelly Clarkson,2009
24,Halo,Beyoncé,2009
25,Hot n Cold,Katy Perry,2009
26,Second Chance,Shinedown,2009
27,Circus,Britney Spears,2009
28,Day 'n' Nite,Kid Cudi,2009
29,Party in the U.S.A.,Miley Cyrus,2009
30,Don't Trust Me,3OH!3,2009
31,Run This Town,Jay-Z featuring Rihanna and Kanye West,2009
32,Let It Rock,Kevin Rudolf featuring Lil Wayne,2009
33,Fire Burning,Sean Kingston,2009
34,Whatcha Say,Jason Derulo,2009
35,LoveGame,Lady Gaga,2009
36,Waking Up in Vegas,Katy Perry,2009
37,Birthday Sex,Jeremih,2009
38,Sober,Pink,2009
39,Womanizer,Britney Spears,2009
40,Whatever You Like,T.I.,2009
41,Obsessed,Mariah Carey,2009
42,Mad,Ne-Yo,2009
43,Good Girls Go Bad,Cobra Starship featuring Leighton Meester,2009
44,Love Lockdown,Kanye West,2009
45,So What,Pink,2009
46,Hotel Room Service,Pitbull,2009
47,Crack a Bottle,"Eminem, Dr. Dre and 50 Cent",2009
48,If I Were a Boy,Beyoncé,2009
49,Turnin Me On,Keri Hilson featuring Lil Wayne,2009
50,I Hate This Part,Pussycat Dolls,2009
51,Gotta Be Somebody,Nickelback,2009
52,Please Don't Leave Me,Pink,2009
53,Paparazzi,Lady Gaga,2009
54,Beautiful,Akon featuring Colby O'Donis and Kardinal Offishall,2009
55,Viva la Vida,Coldplay,2009
56,Right Now (Na Na Na),Akon,2009
57,Battlefield,Jordin Sparks,2009
58,Sugar,Flo Rida featuring Wynter Gordon,2009
59,Miss Independent,Ne-Yo,2009
60,Fireflies,Owl City,2009
61,New Divide,Linkin Park,2009
62,Empire State of Mind,Jay-Z featuring Alicia Keys,2009
63,No Surprise,Daughtry,2009
64,She Wolf,Shakira,2009
65,Break Up,Mario featuring Gucci Mane and Sean Garrett,2009
66,Sweet Dreams,Beyoncé,2009
67,Every Girl,Young Money,2009
68,Fallin' for You,Colbie Caillat,2009
69,Untouched,The Veronicas,2009
70,If Today Was Your Last Day,Nickelback,2009
71,Throw It in the Bag,Fabolous featuring The-Dream,2009
72,Love Drunk,Boys Like Girls,2009
73,I Love College,Asher Roth,2009
74,If U Seek Amy,Britney Spears,2009
75,Big Green Tractor,Jason Aldean,2009
76,White Horse,Taylor Swift,2009
77,Disturbia,Rihanna,2009
78,21 Guns,Green Day,2009
79,Turn My Swag On,Soulja Boy Tell 'Em,2009
80,Rockin' That Thang,The-Dream,2009
81,Chicken Fried,Zac Brown Band,2009
82,Diva,Beyoncé,2009
83,Replay,Iyaz,2009
84,Then,Brad Paisley,2009
85,Her Diamonds,Rob Thomas,2009
86,How Do You Sleep?,Jesse McCartney featuring Ludacris,2009
87,3,Britney Spears,2009
88,Forever,"Drake featuring Kanye West, Lil Wayne and Eminem",2009
89,One Time,Justin Bieber,2009
90,I Run to You,Lady Antebellum,2009
91,I Do Not Hook Up,Kelly Clarkson,2009
92,Green Light,John Legend featuring André 3000,2009
93,People Are Crazy,Billy Currington,2009
94,Whatever It Is,Zac Brown Band,2009
95,Already Gone,Kelly Clarkson,2009
96,Goodbye,Kristinia DeBarge,2009
97,Say Hey (I Love You),Michael Franti & Spearhead featuring Cherine Anderson,2009
98,Pop Champagne,Jim Jones featuring Ron Browz and Juelz Santana,2009
99,Pretty Wings,Maxwell,2009
100,Never Say Never,The Fray,2009
1,Tik Tok,Kesha,2010
2,Need You Now,Lady Antebellum,2010
3,"Hey, Soul Sister",Train,2010
4,California Gurls,Katy Perry featuring Snoop Dogg,2010
5,OMG,Usher featuring will.i.am,2010
6,Airplanes,B.o.B featuring Hayley Williams,2010
7,Love the Way You Lie,Eminem featuring Rihanna,2010
8,Bad Romance,Lady Gaga,2010
9,Dynamite,Taio Cruz,2010
10,Break Your Heart,Taio Cruz featuring Ludacris,2010
11,Nothin' on You,B.o.B featuring Bruno Mars,2010
12,I Like It,Enrique Iglesias featuring Pitbull,2010
13,BedRock,Young Money featuring Lloyd,2010
14,In My Head,Jason Derulo,2010
15,Rude Boy,Rihanna,2010
16,Telephone,Lady Gaga featuring Beyoncé,2010
17,Teenage Dream,Katy Perry,2010
18,Just the Way You Are,Bruno Mars,2010
19,Cooler Than Me,Mike Posner,2010
20,Imma Be,The Black Eyed Peas,2010
21,Empire State of Mind,Jay-Z featuring Alicia Keys,2010
22,DJ Got Us Fallin' in Love,Usher featuring Pitbull,2010
23,Billionaire,Travie McCoy featuring Bruno Mars,2010
24,Not Afraid,Eminem,2010
25,Replay,Iyaz,2010
26,Sexy Bitch,David Guetta featuring Akon,2010
27,Breakeven,The Script,2010
28,Your Love Is My Drug,Kesha,2010
29,I Gotta Feeling,The Black Eyed Peas,2010
30,Fireflies,Owl City,2010
31,Say Aah,Trey Songz featuring Fabolous,2010
32,Find Your Love,Drake,2010
33,Alejandro,Lady Gaga,2010
34,Ridin' Solo,Jason Derulo,2010
35,Just a Dream,Nelly,2010
36,How Low,Ludacris,2010
37,Like a G6,Far East Movement featuring The Cataracs and Dev,2010
38,Carry Out,Timbaland featuring Justin Timberlake,2010
39,Haven't Met You Yet,Michael Bublé,2010
40,Club Can't Handle Me,Flo Rida featuring David Guetta,2010
41,Down,Jay Sean featuring Lil Wayne,2010
42,Bulletproof,La Roux,2010
43,Whatcha Say,Jason Derulo,2010
44,Baby,Justin Bieber featuring Ludacris,2010
45,Whataya Want from Me,Adam Lambert,2010
46,Mine,Taylor Swift,2010
47,Only Girl (In the World),Rihanna,2010
48,Live Like We're Dying,Kris Allen,2010
49,Hard,Rihanna featuring Jeezy,2010
50,Young Forever,Jay-Z featuring Mr Hudson,2010
51,Blah Blah Blah,Kesha featuring 3OH!3,2010
52,Bottoms Up,Trey Songz featuring Nicki Minaj,2010
53,Do You Remember,Jay Sean featuring Sean Paul and Lil Jon,2010
54,All the Right Moves,OneRepublic,2010
55,According to You,Orianthi,2010
56,My Chick Bad,Ludacris featuring Nicki Minaj,2010
57,You Belong with Me,Taylor Swift,2010
58,Meet Me Halfway,The Black Eyed Peas,2010
59,Take It Off,Kesha,2010
60,Over,Drake,2010
61,Animal,Neon Trees,2010
62,Misery,Maroon 5,2010
63,Magic,B.o.B featuring Rivers Cuomo,2010
64,Paparazzi,Lady Gaga,2010
65,Tie Me Down,New Boyz featuring Ray J,2010
66,Your Love,Nicki Minaj,2010
67,Party in the U.S.A.,Miley Cyrus,2010
68,Deuces,Chris Brown featuring Tyga and Kevin McCall,2010
69,3,Britney Spears,2010
70,Impossible,Shontelle,2010
71,Forever,"Drake featuring Kanye West, Lil Wayne and Eminem",2010
72,Two Is Better Than One,Boys Like Girls featuring Taylor Swift,2010
73,My First Kiss,3OH!3 featuring Kesha,2010
74,Already Gone,Kelly Clarkson,2010
75,Rock That Body,The Black Eyed Peas,2010
76,Secrets,OneRepublic,2010
77,Naturally,Selena Gomez & the Scene,2010
78,Un-Thinkable (I'm Ready),Alicia Keys,2010
79,All I Do Is Win,"DJ Khaled featuring T-Pain, Ludacris, Snoop Dogg and Rick Ross",2010
80,I Made It (Cash Money Heroes),"Kevin Rudolf featuring Birdman, Jay Sean and Lil Wayne",2010
81,Stuck Like Glue,Sugarland,2010
82,Hey Daddy (Daddy's Home),Usher featuring Plies,2010
83,There Goes My Baby,Usher,2010
84,Today Was a Fairytale,Taylor Swift,2010
85,Say Something,Timbaland featuring Drake,2010
86,Sweet Dreams,Beyoncé,2010
87,Use Somebody,Kings of Leon,2010
88,Undo It,Carrie Underwood,2010
89,Eenie Meenie,Sean Kingston and Justin Bieber,2010
90,Right Above It,Lil Wayne featuring Drake,2010
91,The House That Built Me,Miranda Lambert,2010
92,If I Die Young,The Band Perry,2010
93,The Only Exception,Paramore,2010
94,American Honey,Lady Antebellum,2010
95,King of Anything,Sara Bareilles,2010
96,Life After You,Daughtry,2010
97,Smile,Uncle Kracker,2010
98,Teach Me How to Dougie,Cali Swag District,2010
99,Try Sleeping with a Broken Heart,Alicia Keys,2010
100,"Lover, Lover",Jerrod Niemann,2010
1,Rolling in the Deep,Adele,2011
2,Party Rock Anthem,LMFAO featuring Lauren Bennett and GoonRock,2011
3,Firework,Katy Perry,2011
4,E.T.,Katy Perry featuring Kanye West,2011
5,Give Me Everything,"Pitbull featuring Ne-Yo, Afrojack and Nayer",2011
6,Grenade,Bruno Mars,2011
7,Forget You,CeeLo Green,2011
8,Super Bass,Nicki Minaj,2011
9,Moves like Jagger,Maroon 5 featuring Christina Aguilera,2011
10,Just Can't Get Enough,The Black Eyed Peas,2011
11,On the Floor,Jennifer Lopez featuring Pitbull,2011
12,S&M,Rihanna,2011
13,Pumped Up Kicks,Foster the People,2011
14,Last Friday Night (T.G.I.F.),Katy Perry,2011
15,Just the Way You Are,Bruno Mars,2011
16,Tonight (I'm Lovin' You),Enrique Iglesias featuring Ludacris and DJ Frank E,2011
17,Raise Your Glass,Pink,2011
18,Born This Way,Lady Gaga,2011
19,F**kin' Perfect,Pink,2011
20,What's My Name?,Rihanna featuring Drake,2011
21,Look at Me Now,Chris Brown featuring Lil Wayne and Busta Rhymes,2011
22,Down on Me,Jeremih featuring 50 Cent,2011
23,How to Love,Lil Wayne,2011
24,Someone Like You,Adele,2011
25,Good Life,OneRepublic,2011
26,The Lazy Song,Bruno Mars,2011
27,Till the World Ends,Britney Spears,2011
28,The Show Goes On,Lupe Fiasco,2011
29,The Edge of Glory,Lady Gaga,2011
30,We R Who We R,Kesha,2011
31,Black and Yellow,Wiz Khalifa,2011
32,Tonight Tonight,Hot Chelle Rae,2011
33,Blow,Kesha,2011
34,Lighters,Bad Meets Evil featuring Bruno Mars,2011
35,If I Die Young,The Band Perry,2011
36,Stereo Hearts,Gym Class Heroes featuring Adam Levine,2011
37,The Time (Dirty Bit),The Black Eyed Peas,2011
38,Coming Home,Diddy – Dirty Money featuring Skylar Grey,2011
39,Hey Baby (Drop It to the Floor),Pitbull featuring T-Pain,2011
40,Only Girl (In the World),Rihanna,2011
41,6 Foot 7 Foot,Lil Wayne featuring Cory Gunz,2011
42,Just a Kiss,Lady Antebellum,2011
43,Dirt Road Anthem,Jason Aldean,2011
44,Dynamite,Taio Cruz,2011
45,No Hands,Waka Flocka Flame featuring Wale and Roscoe Dash,2011
46,I Wanna Go,Britney Spears,2011
47,I'm on One,"DJ Khaled featuring Drake, Rick Ross and Lil Wayne",2011
48,You Make Me Feel...,Cobra Starship featuring Sabi,2011
49,Yeah 3x,Chris Brown,2011
50,Moment 4 Life,Nicki Minaj featuring Drake,2011
51,I Need a Doctor,Dr. Dre featuring Eminem and Skylar Grey,2011
52,Just a Dream,Nelly,2011
53,Motivation,Kelly Rowland featuring Lil Wayne,2011
54,Stereo Love,Edward Maya featuring Vika Jigulina,2011
55,Jar of Hearts,Christina Perri,2011
56,Roll Up,Wiz Khalifa,2011
57,Sexy and I Know It,LMFAO,2011
58,Rocketeer,Far East Movement featuring Ryan Tedder,2011
59,All of the Lights,Kanye West featuring Rihanna,2011
60,Hold It Against Me,Britney Spears,2011
61,More,Usher,2011
62,What the Hell,Avril Lavigne,2011
63,Written in the Stars,Tinie Tempah featuring Eric Turner,2011
64,Bottoms Up,Trey Songz featuring Nicki Minaj,2011
65,DJ Got Us Fallin' in Love,Usher featuring Pitbull,2011
66,For the First Time,The Script,2011
67,Honey Bee,Blake Shelton,2011
68,Don't You Wanna Stay,Jason Aldean featuring Kelly Clarkson,2011
69,We Found Love,Rihanna featuring Calvin Harris,2011
70,Pretty Girl Rock,Keri Hilson,2011
71,Yoü and I,Lady Gaga,2011
72,Like a G6,Far East Movement featuring The Cataracs and Dev,2011
73,Without You,David Guetta featuring Usher,2011
74,Back to December,Taylor Swift,2011
75,Teenage Dream,Katy Perry,2011
76,Crazy Girl,Eli Young Band,2011
77,Cheers (Drink to That),Rihanna,2011
78,Who Says,Selena Gomez & the Scene,2011
79,Barefoot Blue Jean Night,Jake Owen,2011
80,Knee Deep,Zac Brown Band featuring Jimmy Buffett,2011
81,Country Girl (Shake It for Me),Luke Bryan,2011
82,Remind Me,Brad Paisley and Carrie Underwood,2011
83,In the Dark,Dev,2011
84,Backseat,New Boyz featuring The Cataracs and Dev,2011
85,Headlines,Drake,2011
86,Best Thing I Never Had,Beyoncé,2011
87,Don't Wanna Go Home,Jason Derulo,2011
88,Where Them Girls At,David Guetta featuring Flo Rida and Nicki Minaj,2011
89,She Ain't You,Chris Brown,2011
90,Take a Back Road,Rodney Atkins,2011
91,Please Don't Go,Mike Posner,2011
92,Sure Thing,Miguel,2011
93,Price Tag,Jessie J featuring B.o.B,2011
94,God Gave Me You,Blake Shelton,2011
95,She Will,Lil Wayne featuring Drake,2011
96,Are You Gonna Kiss Me or Not,Thompson Square,2011
97,Animal,Neon Trees,2011
98,You and Tequila,Kenny Chesney featuring Grace Potter,2011
99,Colder Weather,Zac Brown Band,2011
100,My Last,Big Sean featuring Chris Brown,2011
1,Somebody That I Used to Know,Gotye featuring Kimbra,2012
2,Call Me Maybe,Carly Rae Jepsen,2012
3,We Are Young,Fun featuring Janelle Monáe,2012
4,Payphone,Maroon 5 featuring Wiz Khalifa,2012
5,Lights,Ellie Goulding,2012
6,Glad You Came,The Wanted,2012
7,Stronger (What Doesn't Kill You),Kelly Clarkson,2012
8,We Found Love,Rihanna featuring Calvin Harris,2012
9,Starships,Nicki Minaj,2012
10,What Makes You Beautiful,One Direction,2012
11,Wild Ones,Flo Rida featuring Sia,2012
12,Set Fire to the Rain,Adele,2012
13,Sexy and I Know It,LMFAO,2012
14,Some Nights,Fun,2012
15,Wide Awake,Katy Perry,2012
16,Good Feeling,Flo Rida,2012
17,Whistle,Flo Rida,2012
18,One More Night,Maroon 5,2012
19,Drive By,Train,2012
20,The Motto,Drake featuring Lil Wayne,2012
21,Where Have You Been,Rihanna,2012
22,Everybody Talks,Neon Trees,2012
23,Take Care,Drake featuring Rihanna,2012
24,Titanium,David Guetta featuring Sia,2012
25,I Won't Give Up,Jason Mraz,2012
26,It Will Rain,Bruno Mars,2012
27,Mercy,"Kanye West, Big Sean, Pusha T and 2 Chainz",2012
28,Boyfriend,Justin Bieber,2012
29,Party Rock Anthem,LMFAO featuring Lauren Bennett and GoonRock,2012
30,Too Close,Alex Clare,2012
31,Part of Me,Katy Perry,2012
32,"Young, Wild & Free",Snoop Dogg and Wiz Khalifa featuring Bruno Mars,2012
33,We Are Never Ever Getting Back Together,Taylor Swift,2012
34,As Long as You Love Me,Justin Bieber featuring Big Sean,2012
35,Turn Me On,David Guetta featuring Nicki Minaj,2012
36,Moves like Jagger,Maroon 5 featuring Christina Aguilera,2012
37,Blow Me (One Last Kiss),Pink,2012
38,Good Time,Owl City and Carly Rae Jepsen,2012
39,Give Your Heart a Break,Demi Lovato,2012
40,Niggas in Paris,Jay-Z and Kanye West,2012
41,The One That Got Away,Katy Perry,2012
42,Feel So Close,Calvin Harris,2012
43,Someone like You,Adele,2012
44,Scream,Usher,2012
45,Rack City,Tyga,2012
46,Domino,Jessie J,2012
47,Gangnam Style,Psy,2012
48,International Love,Pitbull featuring Chris Brown,2012
49,Home,Phillip Phillips,2012
50,Without You,David Guetta featuring Usher,2012
51,Ass Back Home,Gym Class Heroes featuring Neon Hitch,2012
52,Wanted,Hunter Hayes,2012
53,Drunk on You,Luke Bryan,2012
54,No Lie,2 Chainz featuring Drake,2012
55,Want U Back,Cher Lloyd,2012
56,Don't Wake Me Up,Chris Brown,2012
57,Dance (A$$),Big Sean featuring Nicki Minaj,2012
58,Springsteen,Eric Church,2012
59,Brokenhearted,Karmin,2012
60,Not Over You,Gavin DeGraw,2012
61,Stereo Hearts,Gym Class Heroes featuring Adam Levine,2012
62,Back in Time,Pitbull,2012
63,Work Out,J. Cole,2012
64,Rumour Has It,Adele,2012
65,Let's Go,Calvin Harris featuring Ne-Yo,2012
66,Good Girl,Carrie Underwood,2012
67,Pontoon,Little Big Town,2012
68,Ho Hey,The Lumineers,2012
69,Paradise,Coldplay,2012
70,Blown Away,Carrie Underwood,2012
71,Rolling in the Deep,Adele,2012
72,Climax,Usher,2012
73,"Work Hard, Play Hard",Wiz Khalifa,2012
74,Let Me Love You (Until You Learn to Love Yourself),Ne-Yo,2012
75,Pound the Alarm,Nicki Minaj,2012
76,Come Over,Kenny Chesney,2012
77,Heart Attack,Trey Songz,2012
78,Drank in My Cup,Kirko Bangz,2012
79,Birthday Cake,Rihanna featuring Chris Brown,2012
80,So Good,B.o.B,2012
81,50 Ways to Say Goodbye,Train,2012
82,Red Solo Cup,Toby Keith,2012
83,Love You like a Love Song,Selena Gomez & the Scene,2012
84,Turn Up the Music,Chris Brown,2012
85,Die Young,Kesha,2012
86,5 O'Clock,T-Pain featuring Wiz Khalifa and Lily Allen,2012
87,A Thousand Years,Christina Perri,2012
88,Take a Little Ride,Jason Aldean,2012
89,You da One,Rihanna,2012
90,We Run the Night,Havana Brown featuring Pitbull,2012
91,It's Time,Imagine Dragons,2012
92,Cashin' Out,Cash Out,2012
93,I Don't Want This Night to End,Luke Bryan,2012
94,Diamonds,Rihanna,2012
95,Hard to Love,Lee Brice,2012
96,Somethin' 'Bout a Truck,Kip Moore,2012
97,Adorn,Miguel,2012
98,Fly Over States,Jason Aldean,2012
99,Even If It Breaks Your Heart,Eli Young Band,2012
100,Burn It Down,Linkin Park,2012
1,Thrift Shop,Macklemore & Ryan Lewis featuring Wanz,2013
2,Blurred Lines,Robin Thicke featuring T.I. and Pharrell Williams,2013
3,Radioactive,Imagine Dragons,2013
4,Harlem Shake,Baauer,2013
5,Can't Hold Us,Macklemore & Ryan Lewis featuring Ray Dalton,2013
6,Mirrors,Justin Timberlake,2013
7,Just Give Me a Reason,Pink featuring Nate Ruess,2013
8,When I Was Your Man,Bruno Mars,2013
9,Cruise,Florida Georgia Line featuring Nelly,2013
10,Roar,Katy Perry,2013
11,Locked Out of Heaven,Bruno Mars,2013
12,Ho Hey,The Lumineers,2013
13,Stay,Rihanna featuring Mikky Ekko,2013
14,Get Lucky,Daft Punk featuring Pharrell Williams,2013
15,Royals,Lorde,2013
16,I Knew You Were Trouble,Taylor Swift,2013
17,We Can't Stop,Miley Cyrus,2013
18,Wrecking Ball,Miley Cyrus,2013
19,Wake Me Up,Avicii,2013
20,Suit & Tie,Justin Timberlake featuring Jay-Z,2013
21,Cups (Pitch Perfect's *When I'm Gone*),Anna Kendrick,2013
22,Holy Grail,Jay-Z featuring Justin Timberlake,2013
23,Scream & Shout,will.i.am featuring Britney Spears,2013
24,Clarity,Zedd featuring Foxes,2013
25,Sail,Awolnation,2013
26,Don't You Worry Child,Swedish House Mafia featuring John Martin,2013
27,Diamonds,Rihanna,2013
28,I Love It,Icona Pop featuring Charli XCX,2013
29,Safe and Sound,Capital Cities,2013
30,Treasure,Bruno Mars,2013
31,The Way,Ariana Grande featuring Mac Miller,2013
32,Started from the Bottom,Drake,2013
33,Come & Get It,Selena Gomez,2013
34,"Hold On, We're Going Home",Drake featuring Majid Jordan,2013
35,Daylight,Maroon 5,2013
36,Feel This Moment,Pitbull featuring Christina Aguilera,2013
37,Applause,Lady Gaga,2013
38,One More Night,Maroon 5,2013
39,Love Me,Lil Wayne featuring Drake and Future,2013
40,My Songs Know What You Did in the Dark (Light Em Up),Fall Out Boy,2013
41,Fuckin' Problems,"ASAP Rocky featuring Drake, 2 Chainz and Kendrick Lamar",2013
42,Beauty and a Beat,Justin Bieber featuring Nicki Minaj,2013
43,Same Love,Macklemore & Ryan Lewis featuring Mary Lambert,2013
44,Sweet Nothing,Calvin Harris featuring Florence Welch,2013
45,Summertime Sadness,Lana Del Rey and Cédric Gervais,2013
46,Home,Phillip Phillips,2013
47,It's Time,Imagine Dragons,2013
48,Power Trip,J. Cole featuring Miguel,2013
49,Girl on Fire,Alicia Keys featuring Nicki Minaj,2013
50,Heart Attack,Demi Lovato,2013
51,Love Somebody,Maroon 5,2013
52,I Will Wait,Mumford & Sons,2013
53,Try,Pink,2013
54,Wagon Wheel,Darius Rucker,2013
55,Gangnam Style,Psy,2013
56,I Need Your Love,Calvin Harris featuring Ellie Goulding,2013
57,Die Young,Kesha,2013
58,Some Nights,Fun,2013
59,Bad,Wale featuring Tiara Thomas or Rihanna,2013
60,Boys 'Round Here,Blake Shelton featuring Pistol Annies and Friends,2013
61,"Gone, Gone, Gone",Phillip Phillips,2013
62,Demons,Imagine Dragons,2013
63,Counting Stars,OneRepublic,2013
64,I Cry,Flo Rida,2013
65,Little Talks,Of Monsters and Men,2013
66,The Other Side,Jason Derulo,2013
67,Berzerk,Eminem,2013
68,Catch My Breath,Kelly Clarkson,2013
69,Crash My Party,Luke Bryan,2013
70,Pour It Up,Rihanna,2013
71,22,Taylor Swift,2013
72,I Want Crazy,Hunter Hayes,2013
73,The Fox (What Does the Fox Say?),Ylvis,2013
74,Best Song Ever,One Direction,2013
75,The A Team,Ed Sheeran,2013
76,Carry On,Fun,2013
77,Highway Don't Care,Tim McGraw featuring Taylor Swift and Keith Urban,2013
78,That's My Kind of Night,Luke Bryan,2013
79,Swimming Pools (Drank),Kendrick Lamar,2013
80,Sure Be Cool If You Did,Blake Shelton,2013
81,#Beautiful,Mariah Carey featuring Miguel,2013
82,Troublemaker,Olly Murs featuring Flo Rida,2013
83,Body Party,Ciara,2013
84,Adorn,Miguel,2013
85,Hall of Fame,The Script featuring will.i.am,2013
86,Let Me Love You (Until You Learn to Love Yourself),Ne-Yo,2013
87,U.O.E.N.O.,Rocko featuring Future and Rick Ross,2013
88,Next to Me,Emeli Sandé,2013
89,Mama's Broken Heart,Miranda Lambert,2013
90,It Goes Like This,Thomas Rhett,2013
91,Bugatti,Ace Hood featuring Future and Rick Ross,2013
92,Wanted,Hunter Hayes,2013
93,Downtown,Lady Antebellum,2013
94,Get Your Shine On,Florida Georgia Line,2013
95,#thatPower,will.i.am featuring Justin Bieber,2013
96,Brave,Sara Bareilles,2013
97,Let Her Go,Passenger,2013
98,Runnin' Outta Moonlight,Randy Houser,2013
99,I'm Different,2 Chainz,2013
100,Still Into You,Paramore,2013
1,Happy,Pharrell Williams,2014
2,Dark Horse,Katy Perry featuring Juicy J,2014
3,All of Me,John Legend,2014
4,Fancy,Iggy Azalea featuring Charli XCX,2014
5,Counting Stars,OneRepublic,2014
6,Talk Dirty,Jason Derulo featuring 2 Chainz,2014
7,Rude,Magic!,2014
8,All About That Bass,Meghan Trainor,2014
9,Problem,Ariana Grande featuring Iggy Azalea,2014
10,Stay with Me,Sam Smith,2014
11,Timber,Pitbull featuring Kesha,2014
12,Pompeii,Bastille,2014
13,Shake It Off,Taylor Swift,2014
14,Am I Wrong,Nico & Vinz,2014
15,Turn Down for What,DJ Snake and Lil Jon,2014
16,The Monster,Eminem featuring Rihanna,2014
17,Say Something,A Great Big World and Christina Aguilera,2014
18,Team,Lorde,2014
19,Let Her Go,Passenger,2014
20,Royals,Lorde,2014
21,Let It Go,Idina Menzel,2014
22,Wake Me Up,Avicii,2014
23,Demons,Imagine Dragons,2014
24,Story of My Life,One Direction,2014
25,Chandelier,Sia,2014
26,Black Widow,Iggy Azalea featuring Rita Ora,2014
27,Bang Bang,"Jessie J, Ariana Grande and Nicki Minaj",2014
28,Latch,Disclosure featuring Sam Smith,2014
29,Maps,Maroon 5,2014
30,Loyal,Chris Brown featuring Lil Wayne and French Montana or Too Short or Tyga,2014
31,Best Day of My Life,American Authors,2014
32,Habits (Stay High),Tove Lo,2014
33,Summer,Calvin Harris,2014
34,Boom Clap,Charli XCX,2014
35,Drunk in Love,Beyoncé featuring Jay-Z,2014
36,Anaconda,Nicki Minaj,2014
37,Break Free,Ariana Grande featuring Zedd,2014
38,Bailando,Enrique Iglesias featuring Descemer Bueno and Gente de Zona,2014
39,Burn,Ellie Goulding,2014
40,Wiggle,Jason Derulo featuring Snoop Dogg,2014
41,Rather Be,Clean Bandit featuring Jess Glynne,2014
42,Don't Tell 'Em,Jeremih featuring YG,2014
43,Show Me,Kid Ink featuring Chris Brown,2014
44,Wrecking Ball,Miley Cyrus,2014
45,Not a Bad Thing,Justin Timberlake,2014
46,Roar,Katy Perry,2014
47,Ain't It Fun,Paramore,2014
48,The Man,Aloe Blacc,2014
49,This Is How We Roll,Florida Georgia Line featuring Luke Bryan,2014
50,Classic,MKTO,2014
51,A Sky Full of Stars,Coldplay,2014
52,Don't,Ed Sheeran,2014
53,Na Na,Trey Songz,2014
54,Hot Boy,Bobby Shmurda,2014
55,"Hold On, We're Going Home",Drake featuring Majid Jordan,2014
56,Sing,Ed Sheeran,2014
57,Radioactive,Imagine Dragons,2014
58,My Hitta,YG featuring Jeezy and Rich Homie Quan,2014
59,Cool Kids,Echosmith,2014
60,Hey Brother,Avicii,2014
61,Trumpets,Jason Derulo,2014
62,Animals,Maroon 5,2014
63,Burnin' It Down,Jason Aldean,2014
64,Play It Again,Luke Bryan,2014
65,2 On,Tinashe featuring ScHoolboy Q,2014
66,Dirt,Florida Georgia Line,2014
67,Love Runs Out,OneRepublic,2014
68,Bottoms Up,Brantley Gilbert,2014
69,Shower,Becky G,2014
70,Me and My Broken Heart,Rixton,2014
71,Animals,Martin Garrix,2014
72,Lifestyle,Rich Gang featuring Young Thug and Rich Homie Quan,2014
73,American Kids,Kenny Chesney,2014
74,Brave,Sara Bareilles,2014
75,Sweater Weather,The Neighbourhood,2014
76,Leave the Night On,Sam Hunt,2014
77,New Flame,Chris Brown featuring Usher and Rick Ross,2014
78,Love Never Felt So Good,Michael Jackson and Justin Timberlake,2014
79,Drunk on a Plane,Dierks Bentley,2014
80,Birthday,Katy Perry,2014
81,Bartender,Lady Antebellum,2014
82,La La La,Naughty Boy featuring Sam Smith,2014
83,Blurred Lines,Robin Thicke featuring T.I. and Pharrell Williams,2014
84,Do What U Want,Lady Gaga featuring R. Kelly,2014
85,Can't Remember to Forget You,Shakira featuring Rihanna,2014
86,Amnesia,5 Seconds of Summer,2014
87,No Mediocre,T.I. featuring Iggy Azalea,2014
88,Come with Me Now,KONGOS,2014
89,Believe Me,Lil Wayne featuring Drake,2014
90,23,"Mike WiLL Made-It featuring Miley Cyrus, Wiz Khalifa, and Juicy J",2014
91,Beachin',Jake Owen,2014
92,White Walls,Macklemore & Ryan Lewis featuring ScHoolboy Q and Hollis,2014
93,She Looks So Perfect,5 Seconds of Summer,2014
94,Stay the Night,Zedd featuring Hayley Williams,2014
95,Partition,Beyoncé,2014
96,Studio,ScHoolboy Q featuring BJ the Chicago Kid,2014
97,0 to 100 / The Catch Up,Drake,2014
98,I Don't Dance,Lee Brice,2014
99,Somethin' Bad,Miranda Lambert and Carrie Underwood,2014
100,Adore You,Miley Cyrus,2014